ID,Date,Venue,Result,GF,GA,Opponent,xG,xGA,Poss,Sh,SoT,FK,PKatt,Team,Logo
0,2024-08-17,Home,W,2.0,0.0,Wolverhampton Wanderers,1.2,0.5,53.0,18,6,0.0,0,Arsenal,https://cdn.ssref.net/req/202502211/tlogo/fb/18bb7c10.png
1,2024-08-24,Away,W,2.0,0.0,Aston Villa,0.9,1.2,60.0,9,4,0.0,0,Arsenal,https://cdn.ssref.net/req/202502211/tlogo/fb/18bb7c10.png
2,2024-08-31,Home,D,1.0,1.0,Brighton and Hove Albion,2.1,1.7,36.0,11,7,0.0,0,Arsenal,https://cdn.ssref.net/req/202502211/tlogo/fb/18bb7c10.png
3,2024-09-15,Away,W,1.0,0.0,Tottenham Hotspur,0.7,0.7,37.0,7,4,0.0,0,Arsenal,https://cdn.ssref.net/req/202502211/tlogo/fb/18bb7c10.png
4,2024-09-22,Away,D,2.0,2.0,Manchester City,0.7,2.1,23.0,5,3,0.0,0,Arsenal,https://cdn.ssref.net/req/202502211/tlogo/fb/18bb7c10.png
5,2024-09-28,Home,W,4.0,2.0,Leicester City,4.4,0.3,74.0,35,16,0.0,0,Arsenal,https://cdn.ssref.net/req/202502211/tlogo/fb/18bb7c10.png
6,2024-10-05,Home,W,3.0,1.0,Southampton,2.8,0.6,59.0,29,6,0.0,0,Arsenal,https://cdn.ssref.net/req/202502211/tlogo/fb/18bb7c10.png
7,2024-10-19,Away,L,0.0,2.0,Bournemouth,0.7,1.8,51.0,6,1,0.0,0,Arsenal,https://cdn.ssref.net/req/202502211/tlogo/fb/18bb7c10.png
8,2024-10-27,Home,D,2.0,2.0,Liverpool,0.9,0.8,45.0,9,3,0.0,0,Arsenal,https://cdn.ssref.net/req/202502211/tlogo/fb/18bb7c10.png
9,2024-11-02,Away,L,0.0,1.0,Newcastle United,1.1,0.5,63.0,10,0,0.0,0,Arsenal,https://cdn.ssref.net/req/202502211/tlogo/fb/18bb7c10.png
10,2024-11-10,Away,D,1.0,1.0,Chelsea,1.5,1.5,51.0,13,3,0.0,0,Arsenal,https://cdn.ssref.net/req/202502211/tlogo/fb/18bb7c10.png
11,2024-11-23,Home,W,3.0,0.0,Nottingham Forest,1.2,0.3,66.0,19,6,0.0,0,Arsenal,https://cdn.ssref.net/req/202502211/tlogo/fb/18bb7c10.png
12,2024-11-30,Away,W,5.0,2.0,West Ham United,3.5,1.5,60.0,14,5,1.0,2,Arsenal,https://cdn.ssref.net/req/202502211/tlogo/fb/18bb7c10.png
13,2024-12-04,Home,W,2.0,0.0,Manchester United,2.1,0.2,51.0,14,6,0.0,0,Arsenal,https://cdn.ssref.net/req/202502211/tlogo/fb/18bb7c10.png
14,2024-12-08,Away,D,1.0,1.0,Fulham,1.8,0.2,66.0,12,4,0.0,0,Arsenal,https://cdn.ssref.net/req/202502211/tlogo/fb/18bb7c10.png
15,2024-12-14,Home,D,0.0,0.0,Everton,1.2,0.1,76.0,13,5,0.0,0,Arsenal,https://cdn.ssref.net/req/202502211/tlogo/fb/18bb7c10.png
16,2024-12-21,Away,W,5.0,1.0,Crystal Palace,2.5,1.6,58.0,14,6,0.0,0,Arsenal,https://cdn.ssref.net/req/202502211/tlogo/fb/18bb7c10.png
17,2024-12-27,Home,W,1.0,0.0,Ipswich Town,1.8,0.2,68.0,13,5,1.0,0,Arsenal,https://cdn.ssref.net/req/202502211/tlogo/fb/18bb7c10.png
18,2025-01-01,Away,W,3.0,1.0,Brentford,1.9,0.3,50.0,14,4,0.0,0,Arsenal,https://cdn.ssref.net/req/202502211/tlogo/fb/18bb7c10.png
19,2025-01-04,Away,D,1.0,1.0,Brighton and Hove Albion,0.9,1.5,55.0,9,3,0.0,0,Arsenal,https://cdn.ssref.net/req/202502211/tlogo/fb/18bb7c10.png
20,2025-01-15,Home,W,2.0,1.0,Tottenham Hotspur,1.4,0.8,53.0,14,4,0.0,0,Arsenal,https://cdn.ssref.net/req/202502211/tlogo/fb/18bb7c10.png
21,2025-01-18,Home,D,2.0,2.0,Aston Villa,1.3,1.0,66.0,18,6,0.0,0,Arsenal,https://cdn.ssref.net/req/202502211/tlogo/fb/18bb7c10.png
22,2025-01-25,Away,W,1.0,0.0,Wolverhampton Wanderers,1.0,0.7,49.0,9,3,1.0,0,Arsenal,https://cdn.ssref.net/req/202502211/tlogo/fb/18bb7c10.png
23,2025-02-02,Home,W,5.0,1.0,Manchester City,1.0,0.8,46.0,12,7,0.0,0,Arsenal,https://cdn.ssref.net/req/202502211/tlogo/fb/18bb7c10.png
24,2025-02-15,Away,W,2.0,0.0,Leicester City,1.4,0.2,60.0,11,5,0.0,0,Arsenal,https://cdn.ssref.net/req/202502211/tlogo/fb/18bb7c10.png
25,2025-02-22,Home,L,0.0,1.0,West Ham United,1.2,1.1,68.0,20,2,1.0,0,Arsenal,https://cdn.ssref.net/req/202502211/tlogo/fb/18bb7c10.png
26,2025-02-26,Away,D,0.0,0.0,Nottingham Forest,1.0,0.4,64.0,13,1,0.0,0,Arsenal,https://cdn.ssref.net/req/202502211/tlogo/fb/18bb7c10.png
27,2024-08-17,Away,W,2.0,1.0,West Ham United,2.0,2.3,48.0,15,3,0.0,0,Aston Villa,https://cdn.ssref.net/req/202502211/tlogo/fb/8602292d.png
28,2024-08-24,Home,L,0.0,2.0,Arsenal,1.2,0.9,40.0,11,3,0.0,0,Aston Villa,https://cdn.ssref.net/req/202502211/tlogo/fb/8602292d.png
29,2024-08-31,Away,W,2.0,1.0,Leicester City,1.4,0.4,43.0,10,5,0.0,0,Aston Villa,https://cdn.ssref.net/req/202502211/tlogo/fb/8602292d.png
30,2024-09-14,Home,W,3.0,2.0,Everton,2.1,0.9,72.0,17,7,0.0,0,Aston Villa,https://cdn.ssref.net/req/202502211/tlogo/fb/8602292d.png
31,2024-09-21,Home,W,3.0,1.0,Wolverhampton Wanderers,1.7,0.5,53.0,9,3,1.0,0,Aston Villa,https://cdn.ssref.net/req/202502211/tlogo/fb/8602292d.png
32,2024-09-29,Away,D,2.0,2.0,Ipswich Town,0.8,1.2,56.0,7,3,1.0,0,Aston Villa,https://cdn.ssref.net/req/202502211/tlogo/fb/8602292d.png
33,2024-10-06,Home,D,0.0,0.0,Manchester United,0.5,0.6,53.0,11,1,1.0,0,Aston Villa,https://cdn.ssref.net/req/202502211/tlogo/fb/8602292d.png
34,2024-10-19,Away,W,3.0,1.0,Fulham,1.6,1.8,48.0,14,5,1.0,0,Aston Villa,https://cdn.ssref.net/req/202502211/tlogo/fb/8602292d.png
35,2024-10-26,Home,D,1.0,1.0,Bournemouth,1.8,0.3,57.0,18,8,0.0,0,Aston Villa,https://cdn.ssref.net/req/202502211/tlogo/fb/8602292d.png
36,2024-11-03,Away,L,1.0,4.0,Tottenham Hotspur,1.8,2.4,49.0,12,1,0.0,0,Aston Villa,https://cdn.ssref.net/req/202502211/tlogo/fb/8602292d.png
37,2024-11-09,Away,L,0.0,2.0,Liverpool,1.2,2.0,38.0,12,2,0.0,0,Aston Villa,https://cdn.ssref.net/req/202502211/tlogo/fb/8602292d.png
38,2024-11-23,Home,D,2.0,2.0,Crystal Palace,3.0,1.3,69.0,16,4,0.0,1,Aston Villa,https://cdn.ssref.net/req/202502211/tlogo/fb/8602292d.png
39,2024-12-01,Away,L,0.0,3.0,Chelsea,1.2,1.6,36.0,10,3,0.0,0,Aston Villa,https://cdn.ssref.net/req/202502211/tlogo/fb/8602292d.png
40,2024-12-04,Home,W,3.0,1.0,Brentford,2.4,0.9,49.0,19,9,0.0,1,Aston Villa,https://cdn.ssref.net/req/202502211/tlogo/fb/8602292d.png
41,2024-12-07,Home,W,1.0,0.0,Southampton,2.3,0.3,47.0,18,4,0.0,0,Aston Villa,https://cdn.ssref.net/req/202502211/tlogo/fb/8602292d.png
42,2024-12-14,Away,L,1.0,2.0,Nottingham Forest,0.4,1.7,50.0,8,2,0.0,0,Aston Villa,https://cdn.ssref.net/req/202502211/tlogo/fb/8602292d.png
43,2024-12-21,Home,W,2.0,1.0,Manchester City,1.6,1.0,44.0,11,6,0.0,0,Aston Villa,https://cdn.ssref.net/req/202502211/tlogo/fb/8602292d.png
44,2024-12-26,Away,L,0.0,3.0,Newcastle United,0.3,2.7,38.0,4,1,1.0,0,Aston Villa,https://cdn.ssref.net/req/202502211/tlogo/fb/8602292d.png
45,2024-12-30,Home,D,2.0,2.0,Brighton and Hove Albion,1.8,1.1,59.0,19,3,0.0,1,Aston Villa,https://cdn.ssref.net/req/202502211/tlogo/fb/8602292d.png
46,2025-01-04,Home,W,2.0,1.0,Leicester City,1.4,0.4,60.0,13,5,0.0,0,Aston Villa,https://cdn.ssref.net/req/202502211/tlogo/fb/8602292d.png
47,2025-01-15,Away,W,1.0,0.0,Everton,1.2,1.1,50.0,11,3,1.0,0,Aston Villa,https://cdn.ssref.net/req/202502211/tlogo/fb/8602292d.png
48,2025-01-18,Away,D,2.0,2.0,Arsenal,1.0,1.3,34.0,8,4,0.0,0,Aston Villa,https://cdn.ssref.net/req/202502211/tlogo/fb/8602292d.png
49,2025-01-26,Home,D,1.0,1.0,West Ham United,0.9,1.3,46.0,14,4,1.0,0,Aston Villa,https://cdn.ssref.net/req/202502211/tlogo/fb/8602292d.png
50,2025-02-01,Away,L,0.0,2.0,Wolverhampton Wanderers,0.4,1.6,68.0,10,3,0.0,0,Aston Villa,https://cdn.ssref.net/req/202502211/tlogo/fb/8602292d.png
51,2025-02-15,Home,D,1.0,1.0,Ipswich Town,2.4,0.4,75.0,25,6,2.0,0,Aston Villa,https://cdn.ssref.net/req/202502211/tlogo/fb/8602292d.png
52,2025-02-19,Home,D,2.0,2.0,Liverpool,0.6,2.5,52.0,9,3,0.0,0,Aston Villa,https://cdn.ssref.net/req/202502211/tlogo/fb/8602292d.png
53,2025-02-22,Home,W,2.0,1.0,Chelsea,2.3,2.3,52.0,12,6,0.0,0,Aston Villa,https://cdn.ssref.net/req/202502211/tlogo/fb/8602292d.png
54,2025-02-25,Away,L,1.0,4.0,Crystal Palace,0.4,4.3,64.0,6,2,0.0,0,Aston Villa,https://cdn.ssref.net/req/202502211/tlogo/fb/8602292d.png
55,2024-08-17,Away,D,1.0,1.0,Nottingham Forest,1.2,1.3,47.0,13,4,1.0,0,Bournemouth,https://cdn.ssref.net/req/202502211/tlogo/fb/4ba7cbea.png
56,2024-08-25,Home,D,1.0,1.0,Newcastle United,2.2,1.6,39.0,16,4,1.0,0,Bournemouth,https://cdn.ssref.net/req/202502211/tlogo/fb/4ba7cbea.png
57,2024-08-31,Away,W,3.0,2.0,Everton,2.4,1.8,53.0,17,7,0.0,0,Bournemouth,https://cdn.ssref.net/req/202502211/tlogo/fb/4ba7cbea.png
58,2024-09-14,Home,L,0.0,1.0,Chelsea,1.7,0.8,34.0,18,6,0.0,1,Bournemouth,https://cdn.ssref.net/req/202502211/tlogo/fb/4ba7cbea.png
59,2024-09-21,Away,L,0.0,3.0,Liverpool,1.1,2.0,42.0,19,6,1.0,0,Bournemouth,https://cdn.ssref.net/req/202502211/tlogo/fb/4ba7cbea.png
60,2024-09-30,Home,W,3.0,1.0,Southampton,1.3,0.6,40.0,14,6,0.0,0,Bournemouth,https://cdn.ssref.net/req/202502211/tlogo/fb/4ba7cbea.png
61,2024-10-05,Away,L,0.0,1.0,Leicester City,2.1,0.8,55.0,19,2,0.0,0,Bournemouth,https://cdn.ssref.net/req/202502211/tlogo/fb/4ba7cbea.png
62,2024-10-19,Home,W,2.0,0.0,Arsenal,1.8,0.7,49.0,12,3,0.0,1,Bournemouth,https://cdn.ssref.net/req/202502211/tlogo/fb/4ba7cbea.png
63,2024-10-26,Away,D,1.0,1.0,Aston Villa,0.3,1.8,43.0,10,3,0.0,0,Bournemouth,https://cdn.ssref.net/req/202502211/tlogo/fb/4ba7cbea.png
64,2024-11-02,Home,W,2.0,1.0,Manchester City,2.0,1.6,36.0,12,6,0.0,0,Bournemouth,https://cdn.ssref.net/req/202502211/tlogo/fb/4ba7cbea.png
65,2024-11-09,Away,L,2.0,3.0,Brentford,2.6,1.5,49.0,15,3,1.0,0,Bournemouth,https://cdn.ssref.net/req/202502211/tlogo/fb/4ba7cbea.png
66,2024-11-23,Home,L,1.0,2.0,Brighton and Hove Albion,1.6,0.9,55.0,19,5,0.0,0,Bournemouth,https://cdn.ssref.net/req/202502211/tlogo/fb/4ba7cbea.png
67,2024-11-30,Away,W,4.0,2.0,Wolverhampton Wanderers,3.3,0.5,40.0,9,5,0.0,3,Bournemouth,https://cdn.ssref.net/req/202502211/tlogo/fb/4ba7cbea.png
68,2024-12-05,Home,W,1.0,0.0,Tottenham Hotspur,3.5,0.9,35.0,21,8,0.0,0,Bournemouth,https://cdn.ssref.net/req/202502211/tlogo/fb/4ba7cbea.png
69,2024-12-08,Away,W,2.0,1.0,Ipswich Town,3.2,1.3,56.0,22,6,0.0,0,Bournemouth,https://cdn.ssref.net/req/202502211/tlogo/fb/4ba7cbea.png
70,2024-12-16,Home,D,1.0,1.0,West Ham United,1.9,2.1,52.0,29,9,1.0,0,Bournemouth,https://cdn.ssref.net/req/202502211/tlogo/fb/4ba7cbea.png
71,2024-12-22,Away,W,3.0,0.0,Manchester United,1.6,2.2,40.0,9,4,0.0,1,Bournemouth,https://cdn.ssref.net/req/202502211/tlogo/fb/4ba7cbea.png
72,2024-12-26,Home,D,0.0,0.0,Crystal Palace,1.4,0.4,52.0,18,3,1.0,0,Bournemouth,https://cdn.ssref.net/req/202502211/tlogo/fb/4ba7cbea.png
73,2024-12-29,Away,D,2.0,2.0,Fulham,2.0,1.1,48.0,16,8,0.0,0,Bournemouth,https://cdn.ssref.net/req/202502211/tlogo/fb/4ba7cbea.png
74,2025-01-04,Home,W,1.0,0.0,Everton,1.8,0.7,58.0,19,8,0.0,0,Bournemouth,https://cdn.ssref.net/req/202502211/tlogo/fb/4ba7cbea.png
75,2025-01-14,Away,D,2.0,2.0,Chelsea,1.2,2.5,43.0,6,2,0.0,1,Bournemouth,https://cdn.ssref.net/req/202502211/tlogo/fb/4ba7cbea.png
76,2025-01-18,Away,W,4.0,1.0,Newcastle United,2.0,0.8,44.0,19,10,0.0,0,Bournemouth,https://cdn.ssref.net/req/202502211/tlogo/fb/4ba7cbea.png
77,2025-01-25,Home,W,5.0,0.0,Nottingham Forest,1.7,1.0,50.0,16,10,1.0,0,Bournemouth,https://cdn.ssref.net/req/202502211/tlogo/fb/4ba7cbea.png
78,2025-02-01,Home,L,0.0,2.0,Liverpool,1.6,2.5,49.0,14,3,0.0,0,Bournemouth,https://cdn.ssref.net/req/202502211/tlogo/fb/4ba7cbea.png
79,2025-02-15,Away,W,3.0,1.0,Southampton,1.2,0.8,56.0,14,7,0.0,0,Bournemouth,https://cdn.ssref.net/req/202502211/tlogo/fb/4ba7cbea.png
80,2025-02-22,Home,L,0.0,1.0,Wolverhampton Wanderers,0.9,2.0,46.0,8,3,0.0,0,Bournemouth,https://cdn.ssref.net/req/202502211/tlogo/fb/4ba7cbea.png
81,2025-02-25,Away,L,1.0,2.0,Brighton and Hove Albion,1.5,2.4,56.0,19,5,0.0,0,Bournemouth,https://cdn.ssref.net/req/202502211/tlogo/fb/4ba7cbea.png
82,2024-08-18,Home,W,2.0,1.0,Crystal Palace,1.6,1.2,46.0,9,5,0.0,0,Brentford,https://cdn.ssref.net/req/202502211/tlogo/fb/cd051869.png
83,2024-08-25,Away,L,0.0,2.0,Liverpool,0.5,2.5,38.0,8,2,0.0,0,Brentford,https://cdn.ssref.net/req/202502211/tlogo/fb/cd051869.png
84,2024-08-31,Home,W,3.0,1.0,Southampton,2.8,1.5,37.0,20,7,0.0,0,Brentford,https://cdn.ssref.net/req/202502211/tlogo/fb/cd051869.png
85,2024-09-14,Away,L,1.0,2.0,Manchester City,1.0,2.1,46.0,8,5,0.0,0,Brentford,https://cdn.ssref.net/req/202502211/tlogo/fb/cd051869.png
86,2024-09-21,Away,L,1.0,3.0,Tottenham Hotspur,0.8,3.5,52.0,6,6,0.0,0,Brentford,https://cdn.ssref.net/req/202502211/tlogo/fb/cd051869.png
87,2024-09-28,Home,D,1.0,1.0,West Ham United,0.4,1.0,57.0,8,3,1.0,0,Brentford,https://cdn.ssref.net/req/202502211/tlogo/fb/cd051869.png
88,2024-10-05,Home,W,5.0,3.0,Wolverhampton Wanderers,4.2,1.0,44.0,18,11,1.0,1,Brentford,https://cdn.ssref.net/req/202502211/tlogo/fb/cd051869.png
89,2024-10-19,Away,L,1.0,2.0,Manchester United,0.9,1.3,50.0,8,2,1.0,0,Brentford,https://cdn.ssref.net/req/202502211/tlogo/fb/cd051869.png
90,2024-10-26,Home,W,4.0,3.0,Ipswich Town,4.0,1.3,65.0,19,8,1.0,1,Brentford,https://cdn.ssref.net/req/202502211/tlogo/fb/cd051869.png
91,2024-11-04,Away,L,1.0,2.0,Fulham,0.6,1.3,32.0,5,2,0.0,0,Brentford,https://cdn.ssref.net/req/202502211/tlogo/fb/cd051869.png
92,2024-11-09,Home,W,3.0,2.0,Bournemouth,1.5,2.6,51.0,12,6,0.0,0,Brentford,https://cdn.ssref.net/req/202502211/tlogo/fb/cd051869.png
93,2024-11-23,Away,D,0.0,0.0,Everton,1.1,1.2,41.0,9,2,0.0,0,Brentford,https://cdn.ssref.net/req/202502211/tlogo/fb/cd051869.png
94,2024-11-30,Home,W,4.0,1.0,Leicester City,2.4,1.1,60.0,13,6,1.0,0,Brentford,https://cdn.ssref.net/req/202502211/tlogo/fb/cd051869.png
95,2024-12-04,Away,L,1.0,3.0,Aston Villa,0.9,2.4,51.0,9,1,0.0,0,Brentford,https://cdn.ssref.net/req/202502211/tlogo/fb/cd051869.png
96,2024-12-07,Home,W,4.0,2.0,Newcastle United,1.2,1.5,43.0,11,7,0.0,0,Brentford,https://cdn.ssref.net/req/202502211/tlogo/fb/cd051869.png
97,2024-12-15,Away,L,1.0,2.0,Chelsea,1.6,2.2,38.0,9,4,0.0,0,Brentford,https://cdn.ssref.net/req/202502211/tlogo/fb/cd051869.png
98,2024-12-21,Home,L,0.0,2.0,Nottingham Forest,0.7,0.9,64.0,7,3,0.0,0,Brentford,https://cdn.ssref.net/req/202502211/tlogo/fb/cd051869.png
99,2024-12-27,Away,D,0.0,0.0,Brighton and Hove Albion,1.1,1.3,43.0,8,3,0.0,0,Brentford,https://cdn.ssref.net/req/202502211/tlogo/fb/cd051869.png
100,2025-01-01,Home,L,1.0,3.0,Arsenal,0.3,1.9,50.0,5,2,0.0,0,Brentford,https://cdn.ssref.net/req/202502211/tlogo/fb/cd051869.png
101,2025-01-04,Away,W,5.0,0.0,Southampton,4.4,0.3,50.0,19,9,0.0,1,Brentford,https://cdn.ssref.net/req/202502211/tlogo/fb/cd051869.png
102,2025-01-14,Home,D,2.0,2.0,Manchester City,2.5,2.2,45.0,18,5,0.0,0,Brentford,https://cdn.ssref.net/req/202502211/tlogo/fb/cd051869.png
103,2025-01-18,Home,L,0.0,2.0,Liverpool,0.7,3.4,40.0,11,6,0.0,0,Brentford,https://cdn.ssref.net/req/202502211/tlogo/fb/cd051869.png
104,2025-01-26,Away,W,2.0,1.0,Crystal Palace,1.3,1.1,53.0,11,5,1.0,1,Brentford,https://cdn.ssref.net/req/202502211/tlogo/fb/cd051869.png
105,2025-02-02,Home,L,0.0,2.0,Tottenham Hotspur,2.1,0.8,54.0,20,3,1.0,0,Brentford,https://cdn.ssref.net/req/202502211/tlogo/fb/cd051869.png
106,2025-02-15,Away,W,1.0,0.0,West Ham United,1.6,0.8,42.0,14,5,1.0,0,Brentford,https://cdn.ssref.net/req/202502211/tlogo/fb/cd051869.png
107,2025-02-21,Away,W,4.0,0.0,Leicester City,1.5,0.5,52.0,14,6,0.0,0,Brentford,https://cdn.ssref.net/req/202502211/tlogo/fb/cd051869.png
108,2025-02-26,Home,D,1.0,1.0,Everton,1.4,1.5,52.0,12,3,0.0,0,Brentford,https://cdn.ssref.net/req/202502211/tlogo/fb/cd051869.png
109,2024-08-17,Away,W,3.0,0.0,Everton,1.4,0.5,60.0,10,5,0.0,0,Brighton and Hove Albion,https://cdn.ssref.net/req/202502211/tlogo/fb/d07537b9.png
110,2024-08-24,Home,W,2.0,1.0,Manchester United,2.1,1.4,48.0,14,4,1.0,0,Brighton and Hove Albion,https://cdn.ssref.net/req/202502211/tlogo/fb/d07537b9.png
111,2024-08-31,Away,D,1.0,1.0,Arsenal,1.7,2.1,64.0,22,4,0.0,0,Brighton and Hove Albion,https://cdn.ssref.net/req/202502211/tlogo/fb/d07537b9.png
112,2024-09-14,Home,D,0.0,0.0,Ipswich Town,1.6,0.3,68.0,21,6,2.0,0,Brighton and Hove Albion,https://cdn.ssref.net/req/202502211/tlogo/fb/d07537b9.png
113,2024-09-22,Home,D,2.0,2.0,Nottingham Forest,1.0,1.4,70.0,14,3,1.0,0,Brighton and Hove Albion,https://cdn.ssref.net/req/202502211/tlogo/fb/d07537b9.png
114,2024-09-28,Away,L,2.0,4.0,Chelsea,1.1,4.2,59.0,15,5,2.0,0,Brighton and Hove Albion,https://cdn.ssref.net/req/202502211/tlogo/fb/d07537b9.png
115,2024-10-06,Home,W,3.0,2.0,Tottenham Hotspur,1.8,1.3,41.0,11,4,0.0,0,Brighton and Hove Albion,https://cdn.ssref.net/req/202502211/tlogo/fb/d07537b9.png
116,2024-10-19,Away,W,1.0,0.0,Newcastle United,1.1,2.0,40.0,10,5,0.0,0,Brighton and Hove Albion,https://cdn.ssref.net/req/202502211/tlogo/fb/d07537b9.png
117,2024-10-26,Home,D,2.0,2.0,Wolverhampton Wanderers,1.3,1.3,51.0,19,6,1.0,0,Brighton and Hove Albion,https://cdn.ssref.net/req/202502211/tlogo/fb/d07537b9.png
118,2024-11-02,Away,L,1.0,2.0,Liverpool,1.0,1.6,51.0,13,5,2.0,0,Brighton and Hove Albion,https://cdn.ssref.net/req/202502211/tlogo/fb/d07537b9.png
119,2024-11-09,Home,W,2.0,1.0,Manchester City,2.3,2.1,40.0,10,4,1.0,0,Brighton and Hove Albion,https://cdn.ssref.net/req/202502211/tlogo/fb/d07537b9.png
120,2024-11-23,Away,W,2.0,1.0,Bournemouth,0.9,1.6,45.0,6,4,0.0,0,Brighton and Hove Albion,https://cdn.ssref.net/req/202502211/tlogo/fb/d07537b9.png
121,2024-11-29,Home,D,1.0,1.0,Southampton,1.7,1.0,53.0,22,5,0.0,0,Brighton and Hove Albion,https://cdn.ssref.net/req/202502211/tlogo/fb/d07537b9.png
122,2024-12-05,Away,L,1.0,3.0,Fulham,1.4,1.1,57.0,13,3,1.0,0,Brighton and Hove Albion,https://cdn.ssref.net/req/202502211/tlogo/fb/d07537b9.png
123,2024-12-08,Away,D,2.0,2.0,Leicester City,1.5,1.3,44.0,16,7,2.0,0,Brighton and Hove Albion,https://cdn.ssref.net/req/202502211/tlogo/fb/d07537b9.png
124,2024-12-15,Home,L,1.0,3.0,Crystal Palace,1.0,2.2,64.0,17,5,1.0,0,Brighton and Hove Albion,https://cdn.ssref.net/req/202502211/tlogo/fb/d07537b9.png
125,2024-12-21,Away,D,1.0,1.0,West Ham United,0.9,1.2,53.0,12,6,0.0,0,Brighton and Hove Albion,https://cdn.ssref.net/req/202502211/tlogo/fb/d07537b9.png
126,2024-12-27,Home,D,0.0,0.0,Brentford,1.3,1.1,57.0,24,7,1.0,0,Brighton and Hove Albion,https://cdn.ssref.net/req/202502211/tlogo/fb/d07537b9.png
127,2024-12-30,Away,D,2.0,2.0,Aston Villa,1.1,1.8,41.0,13,4,0.0,0,Brighton and Hove Albion,https://cdn.ssref.net/req/202502211/tlogo/fb/d07537b9.png
128,2025-01-04,Home,D,1.0,1.0,Arsenal,1.5,0.9,45.0,10,3,1.0,1,Brighton and Hove Albion,https://cdn.ssref.net/req/202502211/tlogo/fb/d07537b9.png
129,2025-01-16,Away,W,2.0,0.0,Ipswich Town,1.0,0.3,53.0,11,5,0.0,0,Brighton and Hove Albion,https://cdn.ssref.net/req/202502211/tlogo/fb/d07537b9.png
130,2025-01-19,Away,W,3.0,1.0,Manchester United,1.9,1.5,49.0,6,3,0.0,0,Brighton and Hove Albion,https://cdn.ssref.net/req/202502211/tlogo/fb/d07537b9.png
131,2025-01-25,Home,L,0.0,1.0,Everton,0.7,0.8,69.0,16,1,0.0,0,Brighton and Hove Albion,https://cdn.ssref.net/req/202502211/tlogo/fb/d07537b9.png
132,2025-02-01,Away,L,0.0,7.0,Nottingham Forest,0.9,3.3,62.0,10,5,1.0,0,Brighton and Hove Albion,https://cdn.ssref.net/req/202502211/tlogo/fb/d07537b9.png
133,2025-02-14,Home,W,3.0,0.0,Chelsea,1.4,0.5,31.0,13,5,0.0,0,Brighton and Hove Albion,https://cdn.ssref.net/req/202502211/tlogo/fb/d07537b9.png
134,2025-02-22,Away,W,4.0,0.0,Southampton,3.9,0.1,50.0,18,12,1.0,0,Brighton and Hove Albion,https://cdn.ssref.net/req/202502211/tlogo/fb/d07537b9.png
135,2025-02-25,Home,W,2.0,1.0,Bournemouth,2.4,1.5,44.0,10,3,1.0,1,Brighton and Hove Albion,https://cdn.ssref.net/req/202502211/tlogo/fb/d07537b9.png
136,2024-08-18,Home,L,0.0,2.0,Manchester City,1.0,0.8,48.0,10,3,0.0,0,Chelsea,https://cdn.ssref.net/req/202502211/tlogo/fb/cff3d9bb.png
137,2024-08-25,Away,W,6.0,2.0,Wolverhampton Wanderers,1.6,1.9,60.0,14,8,1.0,0,Chelsea,https://cdn.ssref.net/req/202502211/tlogo/fb/cff3d9bb.png
138,2024-09-01,Home,D,1.0,1.0,Crystal Palace,2.4,0.5,62.0,13,7,1.0,0,Chelsea,https://cdn.ssref.net/req/202502211/tlogo/fb/cff3d9bb.png
139,2024-09-14,Away,W,1.0,0.0,Bournemouth,0.8,1.7,66.0,10,3,0.0,0,Chelsea,https://cdn.ssref.net/req/202502211/tlogo/fb/cff3d9bb.png
140,2024-09-21,Away,W,3.0,0.0,West Ham United,2.2,0.9,47.0,12,5,0.0,0,Chelsea,https://cdn.ssref.net/req/202502211/tlogo/fb/cff3d9bb.png
141,2024-09-28,Home,W,4.0,2.0,Brighton and Hove Albion,4.2,1.1,41.0,14,5,1.0,1,Chelsea,https://cdn.ssref.net/req/202502211/tlogo/fb/cff3d9bb.png
142,2024-10-06,Home,D,1.0,1.0,Nottingham Forest,2.3,0.9,65.0,22,8,0.0,0,Chelsea,https://cdn.ssref.net/req/202502211/tlogo/fb/cff3d9bb.png
143,2024-10-20,Away,L,1.0,2.0,Liverpool,1.0,1.9,57.0,12,2,1.0,0,Chelsea,https://cdn.ssref.net/req/202502211/tlogo/fb/cff3d9bb.png
144,2024-10-27,Home,W,2.0,1.0,Newcastle United,1.6,1.8,50.0,17,7,0.0,0,Chelsea,https://cdn.ssref.net/req/202502211/tlogo/fb/cff3d9bb.png
145,2024-11-03,Away,D,1.0,1.0,Manchester United,1.1,2.0,54.0,12,3,0.0,0,Chelsea,https://cdn.ssref.net/req/202502211/tlogo/fb/cff3d9bb.png
146,2024-11-10,Home,D,1.0,1.0,Arsenal,1.5,1.5,49.0,17,3,3.0,0,Chelsea,https://cdn.ssref.net/req/202502211/tlogo/fb/cff3d9bb.png
147,2024-11-23,Away,W,2.0,1.0,Leicester City,2.7,1.1,63.0,16,6,0.0,0,Chelsea,https://cdn.ssref.net/req/202502211/tlogo/fb/cff3d9bb.png
148,2024-12-01,Home,W,3.0,0.0,Aston Villa,1.6,1.2,64.0,17,8,0.0,0,Chelsea,https://cdn.ssref.net/req/202502211/tlogo/fb/cff3d9bb.png
149,2024-12-04,Away,W,5.0,1.0,Southampton,5.2,1.6,55.0,26,11,1.0,0,Chelsea,https://cdn.ssref.net/req/202502211/tlogo/fb/cff3d9bb.png
150,2024-12-08,Away,W,4.0,3.0,Tottenham Hotspur,2.8,2.8,61.0,15,6,0.0,2,Chelsea,https://cdn.ssref.net/req/202502211/tlogo/fb/cff3d9bb.png
151,2024-12-15,Home,W,2.0,1.0,Brentford,2.2,1.6,62.0,26,8,0.0,0,Chelsea,https://cdn.ssref.net/req/202502211/tlogo/fb/cff3d9bb.png
152,2024-12-22,Away,D,0.0,0.0,Everton,1.2,1.0,75.0,12,4,2.0,0,Chelsea,https://cdn.ssref.net/req/202502211/tlogo/fb/cff3d9bb.png
153,2024-12-26,Home,L,1.0,2.0,Fulham,1.1,1.8,47.0,12,8,1.0,0,Chelsea,https://cdn.ssref.net/req/202502211/tlogo/fb/cff3d9bb.png
154,2024-12-30,Away,L,0.0,2.0,Ipswich Town,2.0,1.6,76.0,20,4,0.0,0,Chelsea,https://cdn.ssref.net/req/202502211/tlogo/fb/cff3d9bb.png
155,2025-01-04,Away,D,1.0,1.0,Crystal Palace,1.2,1.1,61.0,15,1,0.0,0,Chelsea,https://cdn.ssref.net/req/202502211/tlogo/fb/cff3d9bb.png
156,2025-01-14,Home,D,2.0,2.0,Bournemouth,2.5,1.2,57.0,26,10,2.0,0,Chelsea,https://cdn.ssref.net/req/202502211/tlogo/fb/cff3d9bb.png
157,2025-01-20,Home,W,3.0,1.0,Wolverhampton Wanderers,3.1,0.8,63.0,19,6,0.0,0,Chelsea,https://cdn.ssref.net/req/202502211/tlogo/fb/cff3d9bb.png
158,2025-01-25,Away,L,1.0,3.0,Manchester City,1.8,2.2,44.0,10,4,0.0,0,Chelsea,https://cdn.ssref.net/req/202502211/tlogo/fb/cff3d9bb.png
159,2025-02-03,Home,W,2.0,1.0,West Ham United,1.6,1.2,68.0,22,3,1.0,0,Chelsea,https://cdn.ssref.net/req/202502211/tlogo/fb/cff3d9bb.png
160,2025-02-14,Away,L,0.0,3.0,Brighton and Hove Albion,0.5,1.4,69.0,8,0,0.0,0,Chelsea,https://cdn.ssref.net/req/202502211/tlogo/fb/cff3d9bb.png
161,2025-02-22,Away,L,1.0,2.0,Aston Villa,2.3,2.3,48.0,15,6,0.0,0,Chelsea,https://cdn.ssref.net/req/202502211/tlogo/fb/cff3d9bb.png
162,2025-02-25,Home,W,4.0,0.0,Southampton,2.4,0.7,60.0,19,10,1.0,0,Chelsea,https://cdn.ssref.net/req/202502211/tlogo/fb/cff3d9bb.png
163,2024-08-18,Away,L,1.0,2.0,Brentford,1.2,1.6,54.0,14,6,1.0,0,Crystal Palace,https://cdn.ssref.net/req/202502211/tlogo/fb/47c64c55.png
164,2024-08-24,Home,L,0.0,2.0,West Ham United,1.3,1.4,58.0,14,2,0.0,0,Crystal Palace,https://cdn.ssref.net/req/202502211/tlogo/fb/47c64c55.png
165,2024-09-01,Away,D,1.0,1.0,Chelsea,0.5,2.4,38.0,9,3,1.0,0,Crystal Palace,https://cdn.ssref.net/req/202502211/tlogo/fb/47c64c55.png
166,2024-09-14,Home,D,2.0,2.0,Leicester City,2.5,1.2,66.0,19,3,1.0,1,Crystal Palace,https://cdn.ssref.net/req/202502211/tlogo/fb/47c64c55.png
167,2024-09-21,Home,D,0.0,0.0,Manchester United,1.0,1.6,33.0,9,4,0.0,0,Crystal Palace,https://cdn.ssref.net/req/202502211/tlogo/fb/47c64c55.png
168,2024-09-28,Away,L,1.0,2.0,Everton,0.9,0.9,59.0,17,4,1.0,0,Crystal Palace,https://cdn.ssref.net/req/202502211/tlogo/fb/47c64c55.png
169,2024-10-05,Home,L,0.0,1.0,Liverpool,0.6,1.4,32.0,9,5,0.0,0,Crystal Palace,https://cdn.ssref.net/req/202502211/tlogo/fb/47c64c55.png
170,2024-10-21,Away,L,0.0,1.0,Nottingham Forest,1.0,1.7,49.0,20,7,0.0,0,Crystal Palace,https://cdn.ssref.net/req/202502211/tlogo/fb/47c64c55.png
171,2024-10-27,Home,W,1.0,0.0,Tottenham Hotspur,0.8,0.7,34.0,14,6,1.0,0,Crystal Palace,https://cdn.ssref.net/req/202502211/tlogo/fb/47c64c55.png
172,2024-11-02,Away,D,2.0,2.0,Wolverhampton Wanderers,2.4,1.5,43.0,19,6,0.0,0,Crystal Palace,https://cdn.ssref.net/req/202502211/tlogo/fb/47c64c55.png
173,2024-11-09,Home,L,0.0,2.0,Fulham,1.5,1.8,36.0,13,4,0.0,0,Crystal Palace,https://cdn.ssref.net/req/202502211/tlogo/fb/47c64c55.png
174,2024-11-23,Away,D,2.0,2.0,Aston Villa,1.3,3.0,31.0,13,6,1.0,0,Crystal Palace,https://cdn.ssref.net/req/202502211/tlogo/fb/47c64c55.png
175,2024-11-30,Home,D,1.0,1.0,Newcastle United,1.7,0.0,49.0,16,3,0.0,0,Crystal Palace,https://cdn.ssref.net/req/202502211/tlogo/fb/47c64c55.png
176,2024-12-03,Away,W,1.0,0.0,Ipswich Town,1.6,0.5,46.0,13,3,0.0,0,Crystal Palace,https://cdn.ssref.net/req/202502211/tlogo/fb/47c64c55.png
177,2024-12-07,Home,D,2.0,2.0,Manchester City,1.3,1.4,32.0,12,3,0.0,0,Crystal Palace,https://cdn.ssref.net/req/202502211/tlogo/fb/47c64c55.png
178,2024-12-15,Away,W,3.0,1.0,Brighton and Hove Albion,2.2,1.0,36.0,13,5,0.0,0,Crystal Palace,https://cdn.ssref.net/req/202502211/tlogo/fb/47c64c55.png
179,2024-12-21,Home,L,1.0,5.0,Arsenal,1.6,2.5,42.0,15,6,0.0,0,Crystal Palace,https://cdn.ssref.net/req/202502211/tlogo/fb/47c64c55.png
180,2024-12-26,Away,D,0.0,0.0,Bournemouth,0.4,1.4,48.0,10,4,0.0,0,Crystal Palace,https://cdn.ssref.net/req/202502211/tlogo/fb/47c64c55.png
181,2024-12-29,Home,W,2.0,1.0,Southampton,2.0,0.9,47.0,19,9,2.0,0,Crystal Palace,https://cdn.ssref.net/req/202502211/tlogo/fb/47c64c55.png
182,2025-01-04,Home,D,1.0,1.0,Chelsea,1.1,1.2,39.0,13,6,1.0,0,Crystal Palace,https://cdn.ssref.net/req/202502211/tlogo/fb/47c64c55.png
183,2025-01-15,Away,W,2.0,0.0,Leicester City,1.8,1.7,43.0,9,4,0.0,0,Crystal Palace,https://cdn.ssref.net/req/202502211/tlogo/fb/47c64c55.png
184,2025-01-18,Away,W,2.0,0.0,West Ham United,1.3,0.3,47.0,11,6,0.0,1,Crystal Palace,https://cdn.ssref.net/req/202502211/tlogo/fb/47c64c55.png
185,2025-01-26,Home,L,1.0,2.0,Brentford,1.1,1.3,47.0,16,5,2.0,0,Crystal Palace,https://cdn.ssref.net/req/202502211/tlogo/fb/47c64c55.png
186,2025-02-02,Away,W,2.0,0.0,Manchester United,2.6,1.1,34.0,11,3,0.0,0,Crystal Palace,https://cdn.ssref.net/req/202502211/tlogo/fb/47c64c55.png
187,2025-02-15,Home,L,1.0,2.0,Everton,1.6,0.9,58.0,17,6,0.0,0,Crystal Palace,https://cdn.ssref.net/req/202502211/tlogo/fb/47c64c55.png
188,2025-02-22,Away,W,2.0,0.0,Fulham,1.3,0.2,38.0,10,5,1.0,0,Crystal Palace,https://cdn.ssref.net/req/202502211/tlogo/fb/47c64c55.png
189,2025-02-25,Home,W,4.0,1.0,Aston Villa,4.3,0.4,36.0,19,6,1.0,0,Crystal Palace,https://cdn.ssref.net/req/202502211/tlogo/fb/47c64c55.png
190,2024-08-17,Home,L,0.0,3.0,Brighton and Hove Albion,0.5,1.4,40.0,9,1,0.0,0,Everton,https://cdn.ssref.net/req/202502211/tlogo/fb/d3fd31cc.png
191,2024-08-24,Away,L,0.0,4.0,Tottenham Hotspur,1.0,2.4,30.0,10,1,0.0,0,Everton,https://cdn.ssref.net/req/202502211/tlogo/fb/d3fd31cc.png
192,2024-08-31,Home,L,2.0,3.0,Bournemouth,1.8,2.4,47.0,18,8,0.0,0,Everton,https://cdn.ssref.net/req/202502211/tlogo/fb/d3fd31cc.png
193,2024-09-14,Away,L,2.0,3.0,Aston Villa,0.9,2.1,28.0,6,2,0.0,0,Everton,https://cdn.ssref.net/req/202502211/tlogo/fb/d3fd31cc.png
194,2024-09-21,Away,D,1.0,1.0,Leicester City,1.1,0.7,42.0,17,5,1.0,0,Everton,https://cdn.ssref.net/req/202502211/tlogo/fb/d3fd31cc.png
195,2024-09-28,Home,W,2.0,1.0,Crystal Palace,0.9,0.9,41.0,8,2,0.0,0,Everton,https://cdn.ssref.net/req/202502211/tlogo/fb/d3fd31cc.png
196,2024-10-05,Home,D,0.0,0.0,Newcastle United,0.7,2.1,33.0,8,2,1.0,0,Everton,https://cdn.ssref.net/req/202502211/tlogo/fb/d3fd31cc.png
197,2024-10-19,Away,W,2.0,0.0,Ipswich Town,1.7,1.3,45.0,11,8,1.0,0,Everton,https://cdn.ssref.net/req/202502211/tlogo/fb/d3fd31cc.png
198,2024-10-26,Home,D,1.0,1.0,Fulham,0.8,1.2,40.0,10,5,0.0,0,Everton,https://cdn.ssref.net/req/202502211/tlogo/fb/d3fd31cc.png
199,2024-11-02,Away,L,0.0,1.0,Southampton,1.6,0.7,35.0,16,5,2.0,0,Everton,https://cdn.ssref.net/req/202502211/tlogo/fb/d3fd31cc.png
200,2024-11-09,Away,D,0.0,0.0,West Ham United,1.1,0.8,51.0,18,4,0.0,0,Everton,https://cdn.ssref.net/req/202502211/tlogo/fb/d3fd31cc.png
201,2024-11-23,Home,D,0.0,0.0,Brentford,1.2,1.1,59.0,27,5,0.0,0,Everton,https://cdn.ssref.net/req/202502211/tlogo/fb/d3fd31cc.png
202,2024-12-01,Away,L,0.0,4.0,Manchester United,0.6,1.1,40.0,8,2,2.0,0,Everton,https://cdn.ssref.net/req/202502211/tlogo/fb/d3fd31cc.png
203,2024-12-04,Home,W,4.0,0.0,Wolverhampton Wanderers,1.0,0.8,44.0,13,4,1.0,0,Everton,https://cdn.ssref.net/req/202502211/tlogo/fb/d3fd31cc.png
204,2024-12-14,Away,D,0.0,0.0,Arsenal,0.1,1.2,24.0,2,0,0.0,0,Everton,https://cdn.ssref.net/req/202502211/tlogo/fb/d3fd31cc.png
205,2024-12-22,Home,D,0.0,0.0,Chelsea,1.0,1.2,25.0,5,4,1.0,0,Everton,https://cdn.ssref.net/req/202502211/tlogo/fb/d3fd31cc.png
206,2024-12-26,Away,D,1.0,1.0,Manchester City,0.7,2.1,34.0,8,3,0.0,0,Everton,https://cdn.ssref.net/req/202502211/tlogo/fb/d3fd31cc.png
207,2024-12-29,Home,L,0.0,2.0,Nottingham Forest,0.9,1.5,64.0,13,2,1.0,0,Everton,https://cdn.ssref.net/req/202502211/tlogo/fb/d3fd31cc.png
208,2025-01-04,Away,L,0.0,1.0,Bournemouth,0.7,1.8,42.0,9,0,0.0,0,Everton,https://cdn.ssref.net/req/202502211/tlogo/fb/d3fd31cc.png
209,2025-01-15,Home,L,0.0,1.0,Aston Villa,1.1,1.2,50.0,10,2,0.0,0,Everton,https://cdn.ssref.net/req/202502211/tlogo/fb/d3fd31cc.png
210,2025-01-19,Home,W,3.0,2.0,Tottenham Hotspur,1.8,1.1,36.0,12,6,0.0,0,Everton,https://cdn.ssref.net/req/202502211/tlogo/fb/d3fd31cc.png
211,2025-01-25,Away,W,1.0,0.0,Brighton and Hove Albion,0.8,0.7,31.0,2,0,0.0,1,Everton,https://cdn.ssref.net/req/202502211/tlogo/fb/d3fd31cc.png
212,2025-02-01,Home,W,4.0,0.0,Leicester City,2.5,0.3,48.0,13,7,0.0,0,Everton,https://cdn.ssref.net/req/202502211/tlogo/fb/d3fd31cc.png
213,2025-02-12,Home,D,2.0,2.0,Liverpool,1.0,0.6,37.0,10,3,0.0,0,Everton,https://cdn.ssref.net/req/202502211/tlogo/fb/d3fd31cc.png
214,2025-02-15,Away,W,2.0,1.0,Crystal Palace,0.9,1.6,42.0,11,6,0.0,0,Everton,https://cdn.ssref.net/req/202502211/tlogo/fb/d3fd31cc.png
215,2025-02-22,Home,D,2.0,2.0,Manchester United,1.6,0.4,38.0,9,8,0.0,0,Everton,https://cdn.ssref.net/req/202502211/tlogo/fb/d3fd31cc.png
216,2025-02-26,Away,D,1.0,1.0,Brentford,1.5,1.4,48.0,14,4,0.0,0,Everton,https://cdn.ssref.net/req/202502211/tlogo/fb/d3fd31cc.png
217,2024-08-16,Away,L,0.0,1.0,Manchester United,0.4,2.4,45.0,10,2,0.0,0,Fulham,https://cdn.ssref.net/req/202502211/tlogo/fb/fd962109.png
218,2024-08-24,Home,W,2.0,1.0,Leicester City,1.8,0.6,54.0,18,6,1.0,0,Fulham,https://cdn.ssref.net/req/202502211/tlogo/fb/fd962109.png
219,2024-08-31,Away,D,1.0,1.0,Ipswich Town,0.9,0.4,52.0,9,4,0.0,0,Fulham,https://cdn.ssref.net/req/202502211/tlogo/fb/fd962109.png
220,2024-09-14,Home,D,1.0,1.0,West Ham United,1.5,0.8,54.0,21,5,2.0,0,Fulham,https://cdn.ssref.net/req/202502211/tlogo/fb/fd962109.png
221,2024-09-21,Home,W,3.0,1.0,Newcastle United,2.2,1.5,39.0,22,11,0.0,0,Fulham,https://cdn.ssref.net/req/202502211/tlogo/fb/fd962109.png
222,2024-09-28,Away,W,1.0,0.0,Nottingham Forest,1.3,0.8,59.0,13,1,0.0,1,Fulham,https://cdn.ssref.net/req/202502211/tlogo/fb/fd962109.png
223,2024-10-05,Away,L,2.0,3.0,Manchester City,2.6,1.6,42.0,11,4,0.0,0,Fulham,https://cdn.ssref.net/req/202502211/tlogo/fb/fd962109.png
224,2024-10-19,Home,L,1.0,3.0,Aston Villa,1.8,1.6,52.0,9,3,0.0,1,Fulham,https://cdn.ssref.net/req/202502211/tlogo/fb/fd962109.png
225,2024-10-26,Away,D,1.0,1.0,Everton,1.2,0.8,60.0,14,3,0.0,0,Fulham,https://cdn.ssref.net/req/202502211/tlogo/fb/fd962109.png
226,2024-11-04,Home,W,2.0,1.0,Brentford,1.3,0.6,68.0,26,12,0.0,0,Fulham,https://cdn.ssref.net/req/202502211/tlogo/fb/fd962109.png
227,2024-11-09,Away,W,2.0,0.0,Crystal Palace,1.8,1.5,64.0,17,7,0.0,0,Fulham,https://cdn.ssref.net/req/202502211/tlogo/fb/fd962109.png
228,2024-11-23,Home,L,1.0,4.0,Wolverhampton Wanderers,1.0,1.3,59.0,10,3,0.0,0,Fulham,https://cdn.ssref.net/req/202502211/tlogo/fb/fd962109.png
229,2024-12-01,Away,D,1.0,1.0,Tottenham Hotspur,1.5,0.8,49.0,14,6,0.0,0,Fulham,https://cdn.ssref.net/req/202502211/tlogo/fb/fd962109.png
230,2024-12-05,Home,W,3.0,1.0,Brighton and Hove Albion,1.1,1.4,43.0,6,2,0.0,0,Fulham,https://cdn.ssref.net/req/202502211/tlogo/fb/fd962109.png
231,2024-12-08,Home,D,1.0,1.0,Arsenal,0.2,1.8,34.0,2,2,0.0,0,Fulham,https://cdn.ssref.net/req/202502211/tlogo/fb/fd962109.png
232,2024-12-14,Away,D,2.0,2.0,Liverpool,1.2,2.1,39.0,12,3,1.0,0,Fulham,https://cdn.ssref.net/req/202502211/tlogo/fb/fd962109.png
233,2024-12-22,Home,D,0.0,0.0,Southampton,0.9,0.3,57.0,15,5,0.0,0,Fulham,https://cdn.ssref.net/req/202502211/tlogo/fb/fd962109.png
234,2024-12-26,Away,W,2.0,1.0,Chelsea,1.8,1.1,53.0,14,7,1.0,0,Fulham,https://cdn.ssref.net/req/202502211/tlogo/fb/fd962109.png
235,2024-12-29,Home,D,2.0,2.0,Bournemouth,1.1,2.0,52.0,11,6,0.0,0,Fulham,https://cdn.ssref.net/req/202502211/tlogo/fb/fd962109.png
236,2025-01-05,Home,D,2.0,2.0,Ipswich Town,2.2,1.5,73.0,13,2,0.0,2,Fulham,https://cdn.ssref.net/req/202502211/tlogo/fb/fd962109.png
237,2025-01-14,Away,L,2.0,3.0,West Ham United,1.7,1.0,56.0,21,4,1.0,0,Fulham,https://cdn.ssref.net/req/202502211/tlogo/fb/fd962109.png
238,2025-01-18,Away,W,2.0,0.0,Leicester City,2.0,0.6,60.0,17,2,1.0,0,Fulham,https://cdn.ssref.net/req/202502211/tlogo/fb/fd962109.png
239,2025-01-26,Home,L,0.0,1.0,Manchester United,0.7,0.3,51.0,9,2,0.0,0,Fulham,https://cdn.ssref.net/req/202502211/tlogo/fb/fd962109.png
240,2025-02-01,Away,W,2.0,1.0,Newcastle United,1.6,0.8,51.0,15,4,0.0,0,Fulham,https://cdn.ssref.net/req/202502211/tlogo/fb/fd962109.png
241,2025-02-15,Home,W,2.0,1.0,Nottingham Forest,2.1,0.4,55.0,24,10,0.0,0,Fulham,https://cdn.ssref.net/req/202502211/tlogo/fb/fd962109.png
242,2025-02-22,Home,L,0.0,2.0,Crystal Palace,0.2,1.3,62.0,10,0,0.0,0,Fulham,https://cdn.ssref.net/req/202502211/tlogo/fb/fd962109.png
243,2025-02-25,Away,W,2.0,1.0,Wolverhampton Wanderers,1.7,1.3,40.0,11,5,0.0,0,Fulham,https://cdn.ssref.net/req/202502211/tlogo/fb/fd962109.png
244,2024-08-17,Home,L,0.0,2.0,Liverpool,0.5,2.6,38.0,7,2,0.0,0,Ipswich Town,https://cdn.ssref.net/req/202502211/tlogo/fb/b74092de.png
245,2024-08-24,Away,L,1.0,4.0,Manchester City,0.3,3.3,25.0,1,1,0.0,0,Ipswich Town,https://cdn.ssref.net/req/202502211/tlogo/fb/b74092de.png
246,2024-08-31,Home,D,1.0,1.0,Fulham,0.4,0.9,48.0,11,4,1.0,0,Ipswich Town,https://cdn.ssref.net/req/202502211/tlogo/fb/b74092de.png
247,2024-09-14,Away,D,0.0,0.0,Brighton and Hove Albion,0.3,1.6,32.0,6,1,0.0,0,Ipswich Town,https://cdn.ssref.net/req/202502211/tlogo/fb/b74092de.png
248,2024-09-21,Away,D,1.0,1.0,Southampton,1.6,2.4,47.0,13,6,0.0,0,Ipswich Town,https://cdn.ssref.net/req/202502211/tlogo/fb/b74092de.png
249,2024-09-29,Home,D,2.0,2.0,Aston Villa,1.2,0.8,44.0,15,5,0.0,0,Ipswich Town,https://cdn.ssref.net/req/202502211/tlogo/fb/b74092de.png
250,2024-10-05,Away,L,1.0,4.0,West Ham United,0.6,3.6,48.0,9,2,0.0,0,Ipswich Town,https://cdn.ssref.net/req/202502211/tlogo/fb/b74092de.png
251,2024-10-19,Home,L,0.0,2.0,Everton,1.3,1.7,55.0,13,2,2.0,0,Ipswich Town,https://cdn.ssref.net/req/202502211/tlogo/fb/b74092de.png
252,2024-10-26,Away,L,3.0,4.0,Brentford,1.3,4.0,35.0,11,5,0.0,0,Ipswich Town,https://cdn.ssref.net/req/202502211/tlogo/fb/b74092de.png
253,2024-11-02,Home,D,1.0,1.0,Leicester City,1.0,1.5,43.0,14,2,1.0,0,Ipswich Town,https://cdn.ssref.net/req/202502211/tlogo/fb/b74092de.png
254,2024-11-10,Away,W,2.0,1.0,Tottenham Hotspur,1.6,1.5,34.0,8,3,0.0,0,Ipswich Town,https://cdn.ssref.net/req/202502211/tlogo/fb/b74092de.png
255,2024-11-24,Home,D,1.0,1.0,Manchester United,1.6,0.8,40.0,11,6,1.0,0,Ipswich Town,https://cdn.ssref.net/req/202502211/tlogo/fb/b74092de.png
256,2024-11-30,Away,L,0.0,1.0,Nottingham Forest,0.6,1.6,55.0,7,2,0.0,0,Ipswich Town,https://cdn.ssref.net/req/202502211/tlogo/fb/b74092de.png
257,2024-12-03,Home,L,0.0,1.0,Crystal Palace,0.5,1.6,54.0,9,2,0.0,0,Ipswich Town,https://cdn.ssref.net/req/202502211/tlogo/fb/b74092de.png
258,2024-12-08,Home,L,1.0,2.0,Bournemouth,1.3,3.2,44.0,18,5,0.0,0,Ipswich Town,https://cdn.ssref.net/req/202502211/tlogo/fb/b74092de.png
259,2024-12-14,Away,W,2.0,1.0,Wolverhampton Wanderers,1.1,1.3,46.0,10,3,0.0,0,Ipswich Town,https://cdn.ssref.net/req/202502211/tlogo/fb/b74092de.png
260,2024-12-21,Home,L,0.0,4.0,Newcastle United,0.7,2.3,42.0,10,2,0.0,0,Ipswich Town,https://cdn.ssref.net/req/202502211/tlogo/fb/b74092de.png
261,2024-12-27,Away,L,0.0,1.0,Arsenal,0.2,1.8,32.0,3,0,0.0,0,Ipswich Town,https://cdn.ssref.net/req/202502211/tlogo/fb/b74092de.png
262,2024-12-30,Home,W,2.0,0.0,Chelsea,1.6,2.0,24.0,8,5,0.0,1,Ipswich Town,https://cdn.ssref.net/req/202502211/tlogo/fb/b74092de.png
263,2025-01-05,Away,D,2.0,2.0,Fulham,1.5,2.2,27.0,6,2,0.0,1,Ipswich Town,https://cdn.ssref.net/req/202502211/tlogo/fb/b74092de.png
264,2025-01-16,Home,L,0.0,2.0,Brighton and Hove Albion,0.3,1.0,47.0,5,3,0.0,0,Ipswich Town,https://cdn.ssref.net/req/202502211/tlogo/fb/b74092de.png
265,2025-01-19,Home,L,0.0,6.0,Manchester City,0.5,3.0,33.0,8,4,0.0,0,Ipswich Town,https://cdn.ssref.net/req/202502211/tlogo/fb/b74092de.png
266,2025-01-25,Away,L,1.0,4.0,Liverpool,0.5,2.0,30.0,3,3,0.0,0,Ipswich Town,https://cdn.ssref.net/req/202502211/tlogo/fb/b74092de.png
267,2025-02-01,Home,L,1.0,2.0,Southampton,1.8,0.9,57.0,15,6,2.0,0,Ipswich Town,https://cdn.ssref.net/req/202502211/tlogo/fb/b74092de.png
268,2025-02-15,Away,D,1.0,1.0,Aston Villa,0.4,2.4,25.0,4,3,1.0,0,Ipswich Town,https://cdn.ssref.net/req/202502211/tlogo/fb/b74092de.png
269,2025-02-22,Home,L,1.0,4.0,Tottenham Hotspur,1.1,1.7,42.0,17,5,1.0,0,Ipswich Town,https://cdn.ssref.net/req/202502211/tlogo/fb/b74092de.png
270,2025-02-26,Away,L,2.0,3.0,Manchester United,1.4,0.7,55.0,12,3,0.0,0,Ipswich Town,https://cdn.ssref.net/req/202502211/tlogo/fb/b74092de.png
271,2024-08-19,Home,D,1.0,1.0,Tottenham Hotspur,1.0,1.2,30.0,7,3,0.0,0,Leicester City,https://cdn.ssref.net/req/202502211/tlogo/fb/a2d435b3.png
272,2024-08-24,Away,L,1.0,2.0,Fulham,0.6,1.8,46.0,10,4,1.0,0,Leicester City,https://cdn.ssref.net/req/202502211/tlogo/fb/a2d435b3.png
273,2024-08-31,Home,L,1.0,2.0,Aston Villa,0.4,1.4,57.0,9,3,0.0,0,Leicester City,https://cdn.ssref.net/req/202502211/tlogo/fb/a2d435b3.png
274,2024-09-14,Away,D,2.0,2.0,Crystal Palace,1.2,2.5,34.0,9,4,0.0,0,Leicester City,https://cdn.ssref.net/req/202502211/tlogo/fb/a2d435b3.png
275,2024-09-21,Home,D,1.0,1.0,Everton,0.7,1.1,58.0,12,2,0.0,0,Leicester City,https://cdn.ssref.net/req/202502211/tlogo/fb/a2d435b3.png
276,2024-09-28,Away,L,2.0,4.0,Arsenal,0.3,4.4,26.0,5,3,0.0,0,Leicester City,https://cdn.ssref.net/req/202502211/tlogo/fb/a2d435b3.png
277,2024-10-05,Home,W,1.0,0.0,Bournemouth,0.8,2.1,45.0,6,2,0.0,0,Leicester City,https://cdn.ssref.net/req/202502211/tlogo/fb/a2d435b3.png
278,2024-10-19,Away,W,3.0,2.0,Southampton,3.1,2.1,58.0,17,3,0.0,1,Leicester City,https://cdn.ssref.net/req/202502211/tlogo/fb/a2d435b3.png
279,2024-10-25,Home,L,1.0,3.0,Nottingham Forest,0.8,1.7,65.0,11,1,0.0,0,Leicester City,https://cdn.ssref.net/req/202502211/tlogo/fb/a2d435b3.png
280,2024-11-02,Away,D,1.0,1.0,Ipswich Town,1.5,1.0,57.0,20,5,0.0,0,Leicester City,https://cdn.ssref.net/req/202502211/tlogo/fb/a2d435b3.png
281,2024-11-10,Away,L,0.0,3.0,Manchester United,0.6,0.8,49.0,6,5,0.0,0,Leicester City,https://cdn.ssref.net/req/202502211/tlogo/fb/a2d435b3.png
282,2024-11-23,Home,L,1.0,2.0,Chelsea,1.1,2.7,37.0,3,0,0.0,1,Leicester City,https://cdn.ssref.net/req/202502211/tlogo/fb/a2d435b3.png
283,2024-11-30,Away,L,1.0,4.0,Brentford,1.1,2.4,40.0,7,3,0.0,0,Leicester City,https://cdn.ssref.net/req/202502211/tlogo/fb/a2d435b3.png
284,2024-12-03,Home,W,3.0,1.0,West Ham United,1.7,3.0,39.0,8,6,0.0,0,Leicester City,https://cdn.ssref.net/req/202502211/tlogo/fb/a2d435b3.png
285,2024-12-08,Home,D,2.0,2.0,Brighton and Hove Albion,1.3,1.5,56.0,10,3,1.0,0,Leicester City,https://cdn.ssref.net/req/202502211/tlogo/fb/a2d435b3.png
286,2024-12-14,Away,L,0.0,4.0,Newcastle United,0.2,3.8,41.0,4,1,0.0,0,Leicester City,https://cdn.ssref.net/req/202502211/tlogo/fb/a2d435b3.png
287,2024-12-22,Home,L,0.0,3.0,Wolverhampton Wanderers,0.8,1.1,54.0,9,4,0.0,0,Leicester City,https://cdn.ssref.net/req/202502211/tlogo/fb/a2d435b3.png
288,2024-12-26,Away,L,1.0,3.0,Liverpool,0.3,2.0,32.0,4,1,0.0,0,Leicester City,https://cdn.ssref.net/req/202502211/tlogo/fb/a2d435b3.png
289,2024-12-29,Home,L,0.0,2.0,Manchester City,1.3,1.3,53.0,11,3,0.0,0,Leicester City,https://cdn.ssref.net/req/202502211/tlogo/fb/a2d435b3.png
290,2025-01-04,Away,L,1.0,2.0,Aston Villa,0.4,1.4,40.0,4,2,0.0,0,Leicester City,https://cdn.ssref.net/req/202502211/tlogo/fb/a2d435b3.png
291,2025-01-15,Home,L,0.0,2.0,Crystal Palace,1.7,1.8,57.0,21,4,2.0,0,Leicester City,https://cdn.ssref.net/req/202502211/tlogo/fb/a2d435b3.png
292,2025-01-18,Home,L,0.0,2.0,Fulham,0.6,2.0,40.0,8,4,0.0,0,Leicester City,https://cdn.ssref.net/req/202502211/tlogo/fb/a2d435b3.png
293,2025-01-26,Away,W,2.0,1.0,Tottenham Hotspur,1.6,1.0,39.0,12,3,0.0,0,Leicester City,https://cdn.ssref.net/req/202502211/tlogo/fb/a2d435b3.png
294,2025-02-01,Away,L,0.0,4.0,Everton,0.3,2.5,52.0,9,1,1.0,0,Leicester City,https://cdn.ssref.net/req/202502211/tlogo/fb/a2d435b3.png
295,2025-02-15,Home,L,0.0,2.0,Arsenal,0.2,1.4,40.0,6,2,0.0,0,Leicester City,https://cdn.ssref.net/req/202502211/tlogo/fb/a2d435b3.png
296,2025-02-21,Home,L,0.0,4.0,Brentford,0.5,1.5,48.0,8,3,0.0,0,Leicester City,https://cdn.ssref.net/req/202502211/tlogo/fb/a2d435b3.png
297,2025-02-27,Away,L,0.0,2.0,West Ham United,0.4,1.3,42.0,10,2,1.0,0,Leicester City,https://cdn.ssref.net/req/202502211/tlogo/fb/a2d435b3.png
298,2024-08-17,Away,W,2.0,0.0,Ipswich Town,2.6,0.5,62.0,18,5,0.0,0,Liverpool,https://cdn.ssref.net/req/202502211/tlogo/fb/822bd0ba.png
299,2024-08-25,Home,W,2.0,0.0,Brentford,2.5,0.5,62.0,19,8,1.0,0,Liverpool,https://cdn.ssref.net/req/202502211/tlogo/fb/822bd0ba.png
300,2024-09-01,Away,W,3.0,0.0,Manchester United,1.8,1.4,47.0,11,3,0.0,0,Liverpool,https://cdn.ssref.net/req/202502211/tlogo/fb/822bd0ba.png
301,2024-09-14,Home,L,0.0,1.0,Nottingham Forest,0.9,0.4,68.0,14,5,0.0,0,Liverpool,https://cdn.ssref.net/req/202502211/tlogo/fb/822bd0ba.png
302,2024-09-21,Home,W,3.0,0.0,Bournemouth,2.0,1.1,58.0,19,12,0.0,0,Liverpool,https://cdn.ssref.net/req/202502211/tlogo/fb/822bd0ba.png
303,2024-09-28,Away,W,2.0,1.0,Wolverhampton Wanderers,2.5,0.6,55.0,9,5,1.0,1,Liverpool,https://cdn.ssref.net/req/202502211/tlogo/fb/822bd0ba.png
304,2024-10-05,Away,W,1.0,0.0,Crystal Palace,1.4,0.6,68.0,16,4,0.0,0,Liverpool,https://cdn.ssref.net/req/202502211/tlogo/fb/822bd0ba.png
305,2024-10-20,Home,W,2.0,1.0,Chelsea,1.9,1.0,43.0,8,4,1.0,1,Liverpool,https://cdn.ssref.net/req/202502211/tlogo/fb/822bd0ba.png
306,2024-10-27,Away,D,2.0,2.0,Arsenal,0.8,0.9,55.0,9,4,0.0,0,Liverpool,https://cdn.ssref.net/req/202502211/tlogo/fb/822bd0ba.png
307,2024-11-02,Home,W,2.0,1.0,Brighton and Hove Albion,1.6,1.0,49.0,16,8,0.0,0,Liverpool,https://cdn.ssref.net/req/202502211/tlogo/fb/822bd0ba.png
308,2024-11-09,Home,W,2.0,0.0,Aston Villa,2.0,1.2,62.0,14,5,0.0,0,Liverpool,https://cdn.ssref.net/req/202502211/tlogo/fb/822bd0ba.png
309,2024-11-24,Away,W,3.0,2.0,Southampton,3.1,1.3,62.0,26,10,1.0,1,Liverpool,https://cdn.ssref.net/req/202502211/tlogo/fb/822bd0ba.png
310,2024-12-01,Home,W,2.0,0.0,Manchester City,3.4,0.8,44.0,17,6,0.0,1,Liverpool,https://cdn.ssref.net/req/202502211/tlogo/fb/822bd0ba.png
311,2024-12-04,Away,D,3.0,3.0,Newcastle United,1.9,2.1,58.0,16,5,0.0,0,Liverpool,https://cdn.ssref.net/req/202502211/tlogo/fb/822bd0ba.png
312,2024-12-14,Home,D,2.0,2.0,Fulham,2.1,1.2,61.0,16,4,0.0,0,Liverpool,https://cdn.ssref.net/req/202502211/tlogo/fb/822bd0ba.png
313,2024-12-22,Away,W,6.0,3.0,Tottenham Hotspur,5.6,1.3,48.0,24,11,0.0,0,Liverpool,https://cdn.ssref.net/req/202502211/tlogo/fb/822bd0ba.png
314,2024-12-26,Home,W,3.0,1.0,Leicester City,2.0,0.3,68.0,19,7,0.0,0,Liverpool,https://cdn.ssref.net/req/202502211/tlogo/fb/822bd0ba.png
315,2024-12-29,Away,W,5.0,0.0,West Ham United,3.1,0.4,54.0,22,13,0.0,0,Liverpool,https://cdn.ssref.net/req/202502211/tlogo/fb/822bd0ba.png
316,2025-01-05,Home,D,2.0,2.0,Manchester United,2.7,1.0,53.0,18,5,1.0,1,Liverpool,https://cdn.ssref.net/req/202502211/tlogo/fb/822bd0ba.png
317,2025-01-14,Away,D,1.0,1.0,Nottingham Forest,2.0,0.3,70.0,23,6,0.0,0,Liverpool,https://cdn.ssref.net/req/202502211/tlogo/fb/822bd0ba.png
318,2025-01-18,Away,W,2.0,0.0,Brentford,3.4,0.7,60.0,37,8,0.0,0,Liverpool,https://cdn.ssref.net/req/202502211/tlogo/fb/822bd0ba.png
319,2025-01-25,Home,W,4.0,1.0,Ipswich Town,2.0,0.5,70.0,16,6,0.0,0,Liverpool,https://cdn.ssref.net/req/202502211/tlogo/fb/822bd0ba.png
320,2025-02-01,Away,W,2.0,0.0,Bournemouth,2.5,1.6,51.0,18,6,0.0,1,Liverpool,https://cdn.ssref.net/req/202502211/tlogo/fb/822bd0ba.png
321,2025-02-12,Away,D,2.0,2.0,Everton,0.6,1.0,63.0,6,4,0.0,0,Liverpool,https://cdn.ssref.net/req/202502211/tlogo/fb/822bd0ba.png
322,2025-02-16,Home,W,2.0,1.0,Wolverhampton Wanderers,1.7,1.5,50.0,9,2,0.0,1,Liverpool,https://cdn.ssref.net/req/202502211/tlogo/fb/822bd0ba.png
323,2025-02-19,Away,D,2.0,2.0,Aston Villa,2.5,0.6,48.0,17,3,0.0,0,Liverpool,https://cdn.ssref.net/req/202502211/tlogo/fb/822bd0ba.png
324,2025-02-23,Away,W,2.0,0.0,Manchester City,0.7,0.6,34.0,8,4,0.0,0,Liverpool,https://cdn.ssref.net/req/202502211/tlogo/fb/822bd0ba.png
325,2025-02-26,Home,W,2.0,0.0,Newcastle United,1.7,0.2,61.0,12,3,0.0,0,Liverpool,https://cdn.ssref.net/req/202502211/tlogo/fb/822bd0ba.png
326,2024-08-18,Away,W,2.0,0.0,Chelsea,0.8,1.0,52.0,11,5,0.0,0,Manchester City,https://cdn.ssref.net/req/202502211/tlogo/fb/b8fd03ef.png
327,2024-08-24,Home,W,4.0,1.0,Ipswich Town,3.3,0.3,75.0,13,4,1.0,1,Manchester City,https://cdn.ssref.net/req/202502211/tlogo/fb/b8fd03ef.png
328,2024-08-31,Away,W,3.0,1.0,West Ham United,3.0,0.7,67.0,23,8,1.0,0,Manchester City,https://cdn.ssref.net/req/202502211/tlogo/fb/b8fd03ef.png
329,2024-09-14,Home,W,2.0,1.0,Brentford,2.1,1.0,54.0,18,7,0.0,0,Manchester City,https://cdn.ssref.net/req/202502211/tlogo/fb/b8fd03ef.png
330,2024-09-22,Home,D,2.0,2.0,Arsenal,2.1,0.7,77.0,33,11,1.0,0,Manchester City,https://cdn.ssref.net/req/202502211/tlogo/fb/b8fd03ef.png
331,2024-09-28,Away,D,1.0,1.0,Newcastle United,0.9,1.6,62.0,16,6,0.0,0,Manchester City,https://cdn.ssref.net/req/202502211/tlogo/fb/b8fd03ef.png
332,2024-10-05,Home,W,3.0,2.0,Fulham,1.6,2.6,58.0,20,7,1.0,0,Manchester City,https://cdn.ssref.net/req/202502211/tlogo/fb/b8fd03ef.png
333,2024-10-20,Away,W,2.0,1.0,Wolverhampton Wanderers,1.6,0.8,77.0,22,7,2.0,0,Manchester City,https://cdn.ssref.net/req/202502211/tlogo/fb/b8fd03ef.png
334,2024-10-26,Home,W,1.0,0.0,Southampton,2.9,0.2,57.0,22,7,0.0,0,Manchester City,https://cdn.ssref.net/req/202502211/tlogo/fb/b8fd03ef.png
335,2024-11-02,Away,L,1.0,2.0,Bournemouth,1.6,2.0,64.0,18,4,0.0,0,Manchester City,https://cdn.ssref.net/req/202502211/tlogo/fb/b8fd03ef.png
336,2024-11-09,Away,L,1.0,2.0,Brighton and Hove Albion,2.1,2.3,60.0,15,6,0.0,0,Manchester City,https://cdn.ssref.net/req/202502211/tlogo/fb/b8fd03ef.png
337,2024-11-23,Home,L,0.0,4.0,Tottenham Hotspur,2.1,2.5,58.0,23,5,0.0,0,Manchester City,https://cdn.ssref.net/req/202502211/tlogo/fb/b8fd03ef.png
338,2024-12-01,Away,L,0.0,2.0,Liverpool,0.8,3.4,56.0,8,2,0.0,0,Manchester City,https://cdn.ssref.net/req/202502211/tlogo/fb/b8fd03ef.png
339,2024-12-04,Home,W,3.0,0.0,Nottingham Forest,2.4,1.0,66.0,17,6,1.0,0,Manchester City,https://cdn.ssref.net/req/202502211/tlogo/fb/b8fd03ef.png
340,2024-12-07,Away,D,2.0,2.0,Crystal Palace,1.4,1.3,68.0,12,4,0.0,0,Manchester City,https://cdn.ssref.net/req/202502211/tlogo/fb/b8fd03ef.png
341,2024-12-15,Home,L,1.0,2.0,Manchester United,0.9,2.1,52.0,10,3,0.0,0,Manchester City,https://cdn.ssref.net/req/202502211/tlogo/fb/b8fd03ef.png
342,2024-12-21,Away,L,1.0,2.0,Aston Villa,1.0,1.6,56.0,12,6,0.0,0,Manchester City,https://cdn.ssref.net/req/202502211/tlogo/fb/b8fd03ef.png
343,2024-12-26,Home,D,1.0,1.0,Everton,2.1,0.7,66.0,23,4,1.0,1,Manchester City,https://cdn.ssref.net/req/202502211/tlogo/fb/b8fd03ef.png
344,2024-12-29,Away,W,2.0,0.0,Leicester City,1.3,1.3,47.0,14,5,1.0,0,Manchester City,https://cdn.ssref.net/req/202502211/tlogo/fb/b8fd03ef.png
345,2025-01-04,Home,W,4.0,1.0,West Ham United,1.9,1.4,56.0,10,7,0.0,0,Manchester City,https://cdn.ssref.net/req/202502211/tlogo/fb/b8fd03ef.png
346,2025-01-14,Away,D,2.0,2.0,Brentford,2.2,2.5,55.0,21,8,0.0,0,Manchester City,https://cdn.ssref.net/req/202502211/tlogo/fb/b8fd03ef.png
347,2025-01-19,Away,W,6.0,0.0,Ipswich Town,3.0,0.5,67.0,17,9,0.0,0,Manchester City,https://cdn.ssref.net/req/202502211/tlogo/fb/b8fd03ef.png
348,2025-01-25,Home,W,3.0,1.0,Chelsea,2.2,1.8,56.0,15,6,1.0,0,Manchester City,https://cdn.ssref.net/req/202502211/tlogo/fb/b8fd03ef.png
349,2025-02-02,Away,L,1.0,5.0,Arsenal,0.8,1.0,54.0,7,4,0.0,0,Manchester City,https://cdn.ssref.net/req/202502211/tlogo/fb/b8fd03ef.png
350,2025-02-15,Home,W,4.0,0.0,Newcastle United,1.9,0.5,61.0,11,7,0.0,0,Manchester City,https://cdn.ssref.net/req/202502211/tlogo/fb/b8fd03ef.png
351,2025-02-23,Home,L,0.0,2.0,Liverpool,0.6,0.7,66.0,16,5,1.0,0,Manchester City,https://cdn.ssref.net/req/202502211/tlogo/fb/b8fd03ef.png
352,2025-02-26,Away,W,1.0,0.0,Tottenham Hotspur,2.1,1.3,45.0,12,5,1.0,0,Manchester City,https://cdn.ssref.net/req/202502211/tlogo/fb/b8fd03ef.png
353,2024-08-16,Home,W,1.0,0.0,Fulham,2.4,0.4,55.0,14,5,0.0,0,Manchester United,https://cdn.ssref.net/req/202502211/tlogo/fb/19538871.png
354,2024-08-24,Away,L,1.0,2.0,Brighton and Hove Albion,1.4,2.1,52.0,11,3,0.0,0,Manchester United,https://cdn.ssref.net/req/202502211/tlogo/fb/19538871.png
355,2024-09-01,Home,L,0.0,3.0,Liverpool,1.4,1.8,53.0,8,3,0.0,0,Manchester United,https://cdn.ssref.net/req/202502211/tlogo/fb/19538871.png
356,2024-09-14,Away,W,3.0,0.0,Southampton,2.6,1.1,56.0,20,10,0.0,0,Manchester United,https://cdn.ssref.net/req/202502211/tlogo/fb/19538871.png
357,2024-09-21,Away,D,0.0,0.0,Crystal Palace,1.6,1.0,67.0,15,6,0.0,0,Manchester United,https://cdn.ssref.net/req/202502211/tlogo/fb/19538871.png
358,2024-09-29,Home,L,0.0,3.0,Tottenham Hotspur,1.0,4.4,39.0,11,2,0.0,0,Manchester United,https://cdn.ssref.net/req/202502211/tlogo/fb/19538871.png
359,2024-10-06,Away,D,0.0,0.0,Aston Villa,0.6,0.5,47.0,10,4,1.0,0,Manchester United,https://cdn.ssref.net/req/202502211/tlogo/fb/19538871.png
360,2024-10-19,Home,W,2.0,1.0,Brentford,1.3,0.9,50.0,23,11,0.0,0,Manchester United,https://cdn.ssref.net/req/202502211/tlogo/fb/19538871.png
361,2024-10-27,Away,L,1.0,2.0,West Ham United,2.3,2.8,58.0,18,5,1.0,0,Manchester United,https://cdn.ssref.net/req/202502211/tlogo/fb/19538871.png
362,2024-11-03,Home,D,1.0,1.0,Chelsea,2.0,1.1,46.0,10,3,1.0,1,Manchester United,https://cdn.ssref.net/req/202502211/tlogo/fb/19538871.png
363,2024-11-10,Home,W,3.0,0.0,Leicester City,0.8,0.6,51.0,13,3,0.0,0,Manchester United,https://cdn.ssref.net/req/202502211/tlogo/fb/19538871.png
364,2024-11-24,Away,D,1.0,1.0,Ipswich Town,0.8,1.6,60.0,11,4,1.0,0,Manchester United,https://cdn.ssref.net/req/202502211/tlogo/fb/19538871.png
365,2024-12-01,Home,W,4.0,0.0,Everton,1.1,0.6,60.0,11,5,0.0,0,Manchester United,https://cdn.ssref.net/req/202502211/tlogo/fb/19538871.png
366,2024-12-04,Away,L,0.0,2.0,Arsenal,0.2,2.1,49.0,5,2,0.0,0,Manchester United,https://cdn.ssref.net/req/202502211/tlogo/fb/19538871.png
367,2024-12-07,Home,L,2.0,3.0,Nottingham Forest,1.6,0.8,71.0,17,7,1.0,0,Manchester United,https://cdn.ssref.net/req/202502211/tlogo/fb/19538871.png
368,2024-12-15,Away,W,2.0,1.0,Manchester City,2.1,0.9,48.0,9,2,0.0,1,Manchester United,https://cdn.ssref.net/req/202502211/tlogo/fb/19538871.png
369,2024-12-22,Home,L,0.0,3.0,Bournemouth,2.2,1.6,60.0,23,7,1.0,0,Manchester United,https://cdn.ssref.net/req/202502211/tlogo/fb/19538871.png
370,2024-12-26,Away,L,0.0,2.0,Wolverhampton Wanderers,0.4,0.9,49.0,11,4,0.0,0,Manchester United,https://cdn.ssref.net/req/202502211/tlogo/fb/19538871.png
371,2024-12-30,Home,L,0.0,2.0,Newcastle United,0.8,1.9,52.0,10,0,0.0,0,Manchester United,https://cdn.ssref.net/req/202502211/tlogo/fb/19538871.png
372,2025-01-05,Away,D,2.0,2.0,Liverpool,1.0,2.7,47.0,13,4,0.0,0,Manchester United,https://cdn.ssref.net/req/202502211/tlogo/fb/19538871.png
373,2025-01-16,Home,W,3.0,1.0,Southampton,3.4,1.4,60.0,23,9,0.0,0,Manchester United,https://cdn.ssref.net/req/202502211/tlogo/fb/19538871.png
374,2025-01-19,Home,L,1.0,3.0,Brighton and Hove Albion,1.5,1.9,51.0,9,0,0.0,1,Manchester United,https://cdn.ssref.net/req/202502211/tlogo/fb/19538871.png
375,2025-01-26,Away,W,1.0,0.0,Fulham,0.3,0.7,49.0,4,1,1.0,0,Manchester United,https://cdn.ssref.net/req/202502211/tlogo/fb/19538871.png
376,2025-02-02,Home,L,0.0,2.0,Crystal Palace,1.1,2.6,66.0,17,2,0.0,0,Manchester United,https://cdn.ssref.net/req/202502211/tlogo/fb/19538871.png
377,2025-02-16,Away,L,0.0,1.0,Tottenham Hotspur,1.5,2.2,45.0,16,6,0.0,0,Manchester United,https://cdn.ssref.net/req/202502211/tlogo/fb/19538871.png
378,2025-02-22,Away,D,2.0,2.0,Everton,0.4,1.6,62.0,9,3,2.0,0,Manchester United,https://cdn.ssref.net/req/202502211/tlogo/fb/19538871.png
379,2025-02-26,Home,W,3.0,2.0,Ipswich Town,0.7,1.4,45.0,10,6,0.0,0,Manchester United,https://cdn.ssref.net/req/202502211/tlogo/fb/19538871.png
380,2024-08-17,Home,W,1.0,0.0,Southampton,0.3,1.8,23.0,3,1,0.0,0,Newcastle United,https://cdn.ssref.net/req/202502211/tlogo/fb/b2b47a98.png
381,2024-08-25,Away,D,1.0,1.0,Bournemouth,1.6,2.2,61.0,14,5,0.0,0,Newcastle United,https://cdn.ssref.net/req/202502211/tlogo/fb/b2b47a98.png
382,2024-09-01,Home,W,2.0,1.0,Tottenham Hotspur,1.8,1.2,35.0,9,3,0.0,0,Newcastle United,https://cdn.ssref.net/req/202502211/tlogo/fb/b2b47a98.png
383,2024-09-15,Away,W,2.0,1.0,Wolverhampton Wanderers,1.5,1.2,51.0,14,6,0.0,0,Newcastle United,https://cdn.ssref.net/req/202502211/tlogo/fb/b2b47a98.png
384,2024-09-21,Away,L,1.0,3.0,Fulham,1.5,2.2,61.0,16,5,1.0,0,Newcastle United,https://cdn.ssref.net/req/202502211/tlogo/fb/b2b47a98.png
385,2024-09-28,Home,D,1.0,1.0,Manchester City,1.6,0.9,38.0,10,3,0.0,1,Newcastle United,https://cdn.ssref.net/req/202502211/tlogo/fb/b2b47a98.png
386,2024-10-05,Away,D,0.0,0.0,Everton,2.1,0.7,67.0,13,1,0.0,1,Newcastle United,https://cdn.ssref.net/req/202502211/tlogo/fb/b2b47a98.png
387,2024-10-19,Home,L,0.0,1.0,Brighton and Hove Albion,2.0,1.1,60.0,21,6,2.0,0,Newcastle United,https://cdn.ssref.net/req/202502211/tlogo/fb/b2b47a98.png
388,2024-10-27,Away,L,1.0,2.0,Chelsea,1.8,1.6,50.0,11,2,1.0,0,Newcastle United,https://cdn.ssref.net/req/202502211/tlogo/fb/b2b47a98.png
389,2024-11-02,Home,W,1.0,0.0,Arsenal,0.5,1.1,37.0,9,4,0.0,0,Newcastle United,https://cdn.ssref.net/req/202502211/tlogo/fb/b2b47a98.png
390,2024-11-10,Away,W,3.0,1.0,Nottingham Forest,1.6,0.6,56.0,17,6,0.0,0,Newcastle United,https://cdn.ssref.net/req/202502211/tlogo/fb/b2b47a98.png
391,2024-11-25,Home,L,0.0,2.0,West Ham United,1.6,0.9,53.0,18,2,0.0,0,Newcastle United,https://cdn.ssref.net/req/202502211/tlogo/fb/b2b47a98.png
392,2024-11-30,Away,D,1.0,1.0,Crystal Palace,0.0,1.7,51.0,1,0,0.0,0,Newcastle United,https://cdn.ssref.net/req/202502211/tlogo/fb/b2b47a98.png
393,2024-12-04,Home,D,3.0,3.0,Liverpool,2.1,1.9,42.0,17,6,1.0,0,Newcastle United,https://cdn.ssref.net/req/202502211/tlogo/fb/b2b47a98.png
394,2024-12-07,Away,L,2.0,4.0,Brentford,1.5,1.2,57.0,16,3,0.0,0,Newcastle United,https://cdn.ssref.net/req/202502211/tlogo/fb/b2b47a98.png
395,2024-12-14,Home,W,4.0,0.0,Leicester City,3.8,0.2,59.0,27,11,1.0,0,Newcastle United,https://cdn.ssref.net/req/202502211/tlogo/fb/b2b47a98.png
396,2024-12-21,Away,W,4.0,0.0,Ipswich Town,2.3,0.7,58.0,15,7,0.0,0,Newcastle United,https://cdn.ssref.net/req/202502211/tlogo/fb/b2b47a98.png
397,2024-12-26,Home,W,3.0,0.0,Aston Villa,2.7,0.3,62.0,22,7,1.0,0,Newcastle United,https://cdn.ssref.net/req/202502211/tlogo/fb/b2b47a98.png
398,2024-12-30,Away,W,2.0,0.0,Manchester United,1.9,0.8,48.0,12,4,0.0,0,Newcastle United,https://cdn.ssref.net/req/202502211/tlogo/fb/b2b47a98.png
399,2025-01-04,Away,W,2.0,1.0,Tottenham Hotspur,2.5,0.9,44.0,14,4,0.0,0,Newcastle United,https://cdn.ssref.net/req/202502211/tlogo/fb/b2b47a98.png
400,2025-01-15,Home,W,3.0,0.0,Wolverhampton Wanderers,2.1,1.6,60.0,17,5,0.0,0,Newcastle United,https://cdn.ssref.net/req/202502211/tlogo/fb/b2b47a98.png
401,2025-01-18,Home,L,1.0,4.0,Bournemouth,0.8,2.0,56.0,13,4,1.0,0,Newcastle United,https://cdn.ssref.net/req/202502211/tlogo/fb/b2b47a98.png
402,2025-01-25,Away,W,3.0,1.0,Southampton,2.9,0.8,47.0,16,7,0.0,1,Newcastle United,https://cdn.ssref.net/req/202502211/tlogo/fb/b2b47a98.png
403,2025-02-01,Home,L,1.0,2.0,Fulham,0.8,1.6,49.0,11,4,0.0,0,Newcastle United,https://cdn.ssref.net/req/202502211/tlogo/fb/b2b47a98.png
404,2025-02-15,Away,L,0.0,4.0,Manchester City,0.5,1.9,39.0,3,1,0.0,0,Newcastle United,https://cdn.ssref.net/req/202502211/tlogo/fb/b2b47a98.png
405,2025-02-23,Home,W,4.0,3.0,Nottingham Forest,2.9,1.7,57.0,12,4,0.0,1,Newcastle United,https://cdn.ssref.net/req/202502211/tlogo/fb/b2b47a98.png
406,2025-02-26,Away,L,0.0,2.0,Liverpool,0.2,1.7,39.0,3,0,1.0,0,Newcastle United,https://cdn.ssref.net/req/202502211/tlogo/fb/b2b47a98.png
407,2024-08-17,Home,D,1.0,1.0,Bournemouth,1.3,1.2,53.0,14,8,0.0,0,Nottingham Forest,https://cdn.ssref.net/req/202502211/tlogo/fb/e4a775cb.png
408,2024-08-24,Away,W,1.0,0.0,Southampton,2.2,0.1,36.0,23,8,0.0,0,Nottingham Forest,https://cdn.ssref.net/req/202502211/tlogo/fb/e4a775cb.png
409,2024-08-31,Home,D,1.0,1.0,Wolverhampton Wanderers,1.0,0.7,52.0,16,5,1.0,0,Nottingham Forest,https://cdn.ssref.net/req/202502211/tlogo/fb/e4a775cb.png
410,2024-09-14,Away,W,1.0,0.0,Liverpool,0.4,0.9,32.0,5,3,0.0,0,Nottingham Forest,https://cdn.ssref.net/req/202502211/tlogo/fb/e4a775cb.png
411,2024-09-22,Away,D,2.0,2.0,Brighton and Hove Albion,1.4,1.0,30.0,3,2,0.0,1,Nottingham Forest,https://cdn.ssref.net/req/202502211/tlogo/fb/e4a775cb.png
412,2024-09-28,Home,L,0.0,1.0,Fulham,0.8,1.3,41.0,11,1,0.0,0,Nottingham Forest,https://cdn.ssref.net/req/202502211/tlogo/fb/e4a775cb.png
413,2024-10-06,Away,D,1.0,1.0,Chelsea,0.9,2.3,35.0,16,9,2.0,0,Nottingham Forest,https://cdn.ssref.net/req/202502211/tlogo/fb/e4a775cb.png
414,2024-10-21,Home,W,1.0,0.0,Crystal Palace,1.7,1.0,51.0,20,6,0.0,0,Nottingham Forest,https://cdn.ssref.net/req/202502211/tlogo/fb/e4a775cb.png
415,2024-10-25,Away,W,3.0,1.0,Leicester City,1.7,0.8,35.0,20,5,1.0,0,Nottingham Forest,https://cdn.ssref.net/req/202502211/tlogo/fb/e4a775cb.png
416,2024-11-02,Home,W,3.0,0.0,West Ham United,2.2,0.1,54.0,19,6,1.0,0,Nottingham Forest,https://cdn.ssref.net/req/202502211/tlogo/fb/e4a775cb.png
417,2024-11-10,Home,L,1.0,3.0,Newcastle United,0.6,1.6,44.0,9,3,0.0,0,Nottingham Forest,https://cdn.ssref.net/req/202502211/tlogo/fb/e4a775cb.png
418,2024-11-23,Away,L,0.0,3.0,Arsenal,0.3,1.2,34.0,7,0,1.0,0,Nottingham Forest,https://cdn.ssref.net/req/202502211/tlogo/fb/e4a775cb.png
419,2024-11-30,Home,W,1.0,0.0,Ipswich Town,1.6,0.6,45.0,11,4,1.0,1,Nottingham Forest,https://cdn.ssref.net/req/202502211/tlogo/fb/e4a775cb.png
420,2024-12-04,Away,L,0.0,3.0,Manchester City,1.0,2.4,34.0,12,3,0.0,0,Nottingham Forest,https://cdn.ssref.net/req/202502211/tlogo/fb/e4a775cb.png
421,2024-12-07,Away,W,3.0,2.0,Manchester United,0.8,1.6,29.0,11,3,0.0,0,Nottingham Forest,https://cdn.ssref.net/req/202502211/tlogo/fb/e4a775cb.png
422,2024-12-14,Home,W,2.0,1.0,Aston Villa,1.7,0.4,50.0,17,6,0.0,0,Nottingham Forest,https://cdn.ssref.net/req/202502211/tlogo/fb/e4a775cb.png
423,2024-12-21,Away,W,2.0,0.0,Brentford,0.9,0.7,36.0,10,6,0.0,0,Nottingham Forest,https://cdn.ssref.net/req/202502211/tlogo/fb/e4a775cb.png
424,2024-12-26,Home,W,1.0,0.0,Tottenham Hotspur,1.1,0.9,30.0,10,3,0.0,0,Nottingham Forest,https://cdn.ssref.net/req/202502211/tlogo/fb/e4a775cb.png
425,2024-12-29,Away,W,2.0,0.0,Everton,1.5,0.9,36.0,11,7,0.0,0,Nottingham Forest,https://cdn.ssref.net/req/202502211/tlogo/fb/e4a775cb.png
426,2025-01-06,Away,W,3.0,0.0,Wolverhampton Wanderers,2.1,1.5,40.0,11,3,1.0,0,Nottingham Forest,https://cdn.ssref.net/req/202502211/tlogo/fb/e4a775cb.png
427,2025-01-14,Home,D,1.0,1.0,Liverpool,0.3,2.0,30.0,6,3,1.0,0,Nottingham Forest,https://cdn.ssref.net/req/202502211/tlogo/fb/e4a775cb.png
428,2025-01-19,Home,W,3.0,2.0,Southampton,1.8,0.9,45.0,14,4,1.0,0,Nottingham Forest,https://cdn.ssref.net/req/202502211/tlogo/fb/e4a775cb.png
429,2025-01-25,Away,L,0.0,5.0,Bournemouth,1.0,1.7,50.0,18,4,2.0,0,Nottingham Forest,https://cdn.ssref.net/req/202502211/tlogo/fb/e4a775cb.png
430,2025-02-01,Home,W,7.0,0.0,Brighton and Hove Albion,3.3,0.9,38.0,13,8,0.0,1,Nottingham Forest,https://cdn.ssref.net/req/202502211/tlogo/fb/e4a775cb.png
431,2025-02-15,Away,L,1.0,2.0,Fulham,0.4,2.1,45.0,8,2,0.0,0,Nottingham Forest,https://cdn.ssref.net/req/202502211/tlogo/fb/e4a775cb.png
432,2025-02-23,Away,L,3.0,4.0,Newcastle United,1.7,2.9,43.0,17,5,0.0,0,Nottingham Forest,https://cdn.ssref.net/req/202502211/tlogo/fb/e4a775cb.png
433,2025-02-26,Home,D,0.0,0.0,Arsenal,0.4,1.0,36.0,6,2,0.0,0,Nottingham Forest,https://cdn.ssref.net/req/202502211/tlogo/fb/e4a775cb.png
434,2024-08-17,Away,L,0.0,1.0,Newcastle United,1.8,0.3,77.0,19,3,1.0,0,Southampton,https://cdn.ssref.net/req/202502211/tlogo/fb/33c895d4.png
435,2024-08-24,Home,L,0.0,1.0,Nottingham Forest,0.1,2.2,64.0,5,1,0.0,0,Southampton,https://cdn.ssref.net/req/202502211/tlogo/fb/33c895d4.png
436,2024-08-31,Away,L,1.0,3.0,Brentford,1.5,2.8,63.0,18,6,1.0,0,Southampton,https://cdn.ssref.net/req/202502211/tlogo/fb/33c895d4.png
437,2024-09-14,Home,L,0.0,3.0,Manchester United,1.1,2.6,44.0,5,2,0.0,1,Southampton,https://cdn.ssref.net/req/202502211/tlogo/fb/33c895d4.png
438,2024-09-21,Home,D,1.0,1.0,Ipswich Town,2.4,1.6,53.0,11,3,0.0,0,Southampton,https://cdn.ssref.net/req/202502211/tlogo/fb/33c895d4.png
439,2024-09-30,Away,L,1.0,3.0,Bournemouth,0.6,1.3,60.0,9,3,0.0,0,Southampton,https://cdn.ssref.net/req/202502211/tlogo/fb/33c895d4.png
440,2024-10-05,Away,L,1.0,3.0,Arsenal,0.6,2.8,41.0,8,2,0.0,0,Southampton,https://cdn.ssref.net/req/202502211/tlogo/fb/33c895d4.png
441,2024-10-19,Home,L,2.0,3.0,Leicester City,2.1,3.1,42.0,14,7,0.0,0,Southampton,https://cdn.ssref.net/req/202502211/tlogo/fb/33c895d4.png
442,2024-10-26,Away,L,0.0,1.0,Manchester City,0.2,2.9,43.0,5,2,0.0,0,Southampton,https://cdn.ssref.net/req/202502211/tlogo/fb/33c895d4.png
443,2024-11-02,Home,W,1.0,0.0,Everton,0.7,1.6,65.0,9,2,0.0,0,Southampton,https://cdn.ssref.net/req/202502211/tlogo/fb/33c895d4.png
444,2024-11-09,Away,L,0.0,2.0,Wolverhampton Wanderers,0.6,1.3,71.0,9,0,1.0,0,Southampton,https://cdn.ssref.net/req/202502211/tlogo/fb/33c895d4.png
445,2024-11-24,Home,L,2.0,3.0,Liverpool,1.3,3.1,38.0,6,4,0.0,1,Southampton,https://cdn.ssref.net/req/202502211/tlogo/fb/33c895d4.png
446,2024-11-29,Away,D,1.0,1.0,Brighton and Hove Albion,1.0,1.7,47.0,10,2,0.0,0,Southampton,https://cdn.ssref.net/req/202502211/tlogo/fb/33c895d4.png
447,2024-12-04,Home,L,1.0,5.0,Chelsea,1.6,5.2,45.0,6,4,0.0,0,Southampton,https://cdn.ssref.net/req/202502211/tlogo/fb/33c895d4.png
448,2024-12-07,Away,L,0.0,1.0,Aston Villa,0.3,2.3,53.0,4,0,0.0,0,Southampton,https://cdn.ssref.net/req/202502211/tlogo/fb/33c895d4.png
449,2024-12-15,Home,L,0.0,5.0,Tottenham Hotspur,0.8,2.3,42.0,9,3,0.0,0,Southampton,https://cdn.ssref.net/req/202502211/tlogo/fb/33c895d4.png
450,2024-12-22,Away,D,0.0,0.0,Fulham,0.3,0.9,43.0,5,1,1.0,0,Southampton,https://cdn.ssref.net/req/202502211/tlogo/fb/33c895d4.png
451,2024-12-26,Home,L,0.0,1.0,West Ham United,1.4,1.7,54.0,18,5,0.0,0,Southampton,https://cdn.ssref.net/req/202502211/tlogo/fb/33c895d4.png
452,2024-12-29,Away,L,1.0,2.0,Crystal Palace,0.9,2.0,53.0,7,3,0.0,0,Southampton,https://cdn.ssref.net/req/202502211/tlogo/fb/33c895d4.png
453,2025-01-04,Home,L,0.0,5.0,Brentford,0.3,4.4,50.0,8,1,0.0,0,Southampton,https://cdn.ssref.net/req/202502211/tlogo/fb/33c895d4.png
454,2025-01-16,Away,L,1.0,3.0,Manchester United,1.4,3.4,40.0,13,5,1.0,0,Southampton,https://cdn.ssref.net/req/202502211/tlogo/fb/33c895d4.png
455,2025-01-19,Away,L,2.0,3.0,Nottingham Forest,0.9,1.8,55.0,10,3,0.0,0,Southampton,https://cdn.ssref.net/req/202502211/tlogo/fb/33c895d4.png
456,2025-01-25,Home,L,1.0,3.0,Newcastle United,0.8,2.9,53.0,12,5,0.0,0,Southampton,https://cdn.ssref.net/req/202502211/tlogo/fb/33c895d4.png
457,2025-02-01,Away,W,2.0,1.0,Ipswich Town,0.9,1.8,43.0,9,4,0.0,0,Southampton,https://cdn.ssref.net/req/202502211/tlogo/fb/33c895d4.png
458,2025-02-15,Home,L,1.0,3.0,Bournemouth,0.8,1.2,44.0,11,4,0.0,0,Southampton,https://cdn.ssref.net/req/202502211/tlogo/fb/33c895d4.png
459,2025-02-22,Home,L,0.0,4.0,Brighton and Hove Albion,0.1,3.9,50.0,6,1,0.0,0,Southampton,https://cdn.ssref.net/req/202502211/tlogo/fb/33c895d4.png
460,2025-02-25,Away,L,0.0,4.0,Chelsea,0.7,2.4,40.0,7,2,0.0,0,Southampton,https://cdn.ssref.net/req/202502211/tlogo/fb/33c895d4.png
461,2024-08-19,Away,D,1.0,1.0,Leicester City,1.2,1.0,70.0,15,6,0.0,0,Tottenham Hotspur,https://cdn.ssref.net/req/202502211/tlogo/fb/361ca564.png
462,2024-08-24,Home,W,4.0,0.0,Everton,2.4,1.0,70.0,13,7,1.0,0,Tottenham Hotspur,https://cdn.ssref.net/req/202502211/tlogo/fb/361ca564.png
463,2024-09-01,Away,L,1.0,2.0,Newcastle United,1.2,1.8,65.0,20,6,1.0,0,Tottenham Hotspur,https://cdn.ssref.net/req/202502211/tlogo/fb/361ca564.png
464,2024-09-15,Home,L,0.0,1.0,Arsenal,0.7,0.7,63.0,15,5,0.0,0,Tottenham Hotspur,https://cdn.ssref.net/req/202502211/tlogo/fb/361ca564.png
465,2024-09-21,Home,W,3.0,1.0,Brentford,3.5,0.8,48.0,23,9,0.0,0,Tottenham Hotspur,https://cdn.ssref.net/req/202502211/tlogo/fb/361ca564.png
466,2024-09-29,Away,W,3.0,0.0,Manchester United,4.4,1.0,61.0,24,10,0.0,0,Tottenham Hotspur,https://cdn.ssref.net/req/202502211/tlogo/fb/361ca564.png
467,2024-10-06,Away,L,2.0,3.0,Brighton and Hove Albion,1.3,1.8,59.0,13,3,0.0,0,Tottenham Hotspur,https://cdn.ssref.net/req/202502211/tlogo/fb/361ca564.png
468,2024-10-19,Home,W,4.0,1.0,West Ham United,1.9,0.8,57.0,22,7,0.0,0,Tottenham Hotspur,https://cdn.ssref.net/req/202502211/tlogo/fb/361ca564.png
469,2024-10-27,Away,L,0.0,1.0,Crystal Palace,0.7,0.8,66.0,11,3,0.0,0,Tottenham Hotspur,https://cdn.ssref.net/req/202502211/tlogo/fb/361ca564.png
470,2024-11-03,Home,W,4.0,1.0,Aston Villa,2.4,1.8,51.0,16,6,1.0,0,Tottenham Hotspur,https://cdn.ssref.net/req/202502211/tlogo/fb/361ca564.png
471,2024-11-10,Home,L,1.0,2.0,Ipswich Town,1.5,1.6,66.0,17,5,0.0,0,Tottenham Hotspur,https://cdn.ssref.net/req/202502211/tlogo/fb/361ca564.png
472,2024-11-23,Away,W,4.0,0.0,Manchester City,2.5,2.1,42.0,9,7,0.0,0,Tottenham Hotspur,https://cdn.ssref.net/req/202502211/tlogo/fb/361ca564.png
473,2024-12-01,Home,D,1.0,1.0,Fulham,0.8,1.5,51.0,8,3,2.0,0,Tottenham Hotspur,https://cdn.ssref.net/req/202502211/tlogo/fb/361ca564.png
474,2024-12-05,Away,L,0.0,1.0,Bournemouth,0.9,3.5,65.0,12,4,0.0,0,Tottenham Hotspur,https://cdn.ssref.net/req/202502211/tlogo/fb/361ca564.png
475,2024-12-08,Home,L,3.0,4.0,Chelsea,2.8,2.8,39.0,13,5,1.0,0,Tottenham Hotspur,https://cdn.ssref.net/req/202502211/tlogo/fb/361ca564.png
476,2024-12-15,Away,W,5.0,0.0,Southampton,2.3,0.8,58.0,18,9,0.0,0,Tottenham Hotspur,https://cdn.ssref.net/req/202502211/tlogo/fb/361ca564.png
477,2024-12-22,Home,L,3.0,6.0,Liverpool,1.3,5.6,52.0,9,5,0.0,0,Tottenham Hotspur,https://cdn.ssref.net/req/202502211/tlogo/fb/361ca564.png
478,2024-12-26,Away,L,0.0,1.0,Nottingham Forest,0.9,1.1,70.0,13,4,1.0,0,Tottenham Hotspur,https://cdn.ssref.net/req/202502211/tlogo/fb/361ca564.png
479,2024-12-29,Home,D,2.0,2.0,Wolverhampton Wanderers,2.2,0.7,48.0,12,2,0.0,1,Tottenham Hotspur,https://cdn.ssref.net/req/202502211/tlogo/fb/361ca564.png
480,2025-01-04,Home,L,1.0,2.0,Newcastle United,0.9,2.5,56.0,13,4,0.0,0,Tottenham Hotspur,https://cdn.ssref.net/req/202502211/tlogo/fb/361ca564.png
481,2025-01-15,Away,L,1.0,2.0,Arsenal,0.8,1.4,47.0,10,2,0.0,0,Tottenham Hotspur,https://cdn.ssref.net/req/202502211/tlogo/fb/361ca564.png
482,2025-01-19,Away,L,2.0,3.0,Everton,1.1,1.8,64.0,11,5,0.0,0,Tottenham Hotspur,https://cdn.ssref.net/req/202502211/tlogo/fb/361ca564.png
483,2025-01-26,Home,L,1.0,2.0,Leicester City,1.0,1.6,61.0,15,6,1.0,0,Tottenham Hotspur,https://cdn.ssref.net/req/202502211/tlogo/fb/361ca564.png
484,2025-02-02,Away,W,2.0,0.0,Brentford,0.8,2.1,46.0,13,2,0.0,0,Tottenham Hotspur,https://cdn.ssref.net/req/202502211/tlogo/fb/361ca564.png
485,2025-02-16,Home,W,1.0,0.0,Manchester United,2.2,1.5,55.0,22,7,0.0,0,Tottenham Hotspur,https://cdn.ssref.net/req/202502211/tlogo/fb/361ca564.png
486,2025-02-22,Away,W,4.0,1.0,Ipswich Town,1.7,1.1,58.0,10,6,0.0,0,Tottenham Hotspur,https://cdn.ssref.net/req/202502211/tlogo/fb/361ca564.png
487,2025-02-26,Home,L,0.0,1.0,Manchester City,1.3,2.1,55.0,11,6,0.0,0,Tottenham Hotspur,https://cdn.ssref.net/req/202502211/tlogo/fb/361ca564.png
488,2024-08-17,Home,L,1.0,2.0,Aston Villa,2.3,2.0,52.0,13,2,0.0,1,West Ham United,https://cdn.ssref.net/req/202502211/tlogo/fb/7c21e445.png
489,2024-08-24,Away,W,2.0,0.0,Crystal Palace,1.4,1.3,42.0,18,3,0.0,0,West Ham United,https://cdn.ssref.net/req/202502211/tlogo/fb/7c21e445.png
490,2024-08-31,Home,L,1.0,3.0,Manchester City,0.7,3.0,33.0,10,2,0.0,0,West Ham United,https://cdn.ssref.net/req/202502211/tlogo/fb/7c21e445.png
491,2024-09-14,Away,D,1.0,1.0,Fulham,0.8,1.5,46.0,11,3,0.0,0,West Ham United,https://cdn.ssref.net/req/202502211/tlogo/fb/7c21e445.png
492,2024-09-21,Home,L,0.0,3.0,Chelsea,0.9,2.2,53.0,15,7,1.0,0,West Ham United,https://cdn.ssref.net/req/202502211/tlogo/fb/7c21e445.png
493,2024-09-28,Away,D,1.0,1.0,Brentford,1.0,0.4,43.0,19,3,0.0,0,West Ham United,https://cdn.ssref.net/req/202502211/tlogo/fb/7c21e445.png
494,2024-10-05,Home,W,4.0,1.0,Ipswich Town,3.6,0.6,52.0,23,12,1.0,0,West Ham United,https://cdn.ssref.net/req/202502211/tlogo/fb/7c21e445.png
495,2024-10-19,Away,L,1.0,4.0,Tottenham Hotspur,0.8,1.9,43.0,11,3,0.0,0,West Ham United,https://cdn.ssref.net/req/202502211/tlogo/fb/7c21e445.png
496,2024-10-27,Home,W,2.0,1.0,Manchester United,2.8,2.3,42.0,11,2,0.0,1,West Ham United,https://cdn.ssref.net/req/202502211/tlogo/fb/7c21e445.png
497,2024-11-02,Away,L,0.0,3.0,Nottingham Forest,0.1,2.2,46.0,4,1,0.0,0,West Ham United,https://cdn.ssref.net/req/202502211/tlogo/fb/7c21e445.png
498,2024-11-09,Home,D,0.0,0.0,Everton,0.8,1.1,49.0,11,6,0.0,0,West Ham United,https://cdn.ssref.net/req/202502211/tlogo/fb/7c21e445.png
499,2024-11-25,Away,W,2.0,0.0,Newcastle United,0.9,1.6,47.0,15,6,1.0,0,West Ham United,https://cdn.ssref.net/req/202502211/tlogo/fb/7c21e445.png
500,2024-11-30,Home,L,2.0,5.0,Arsenal,1.5,3.5,40.0,12,5,2.0,0,West Ham United,https://cdn.ssref.net/req/202502211/tlogo/fb/7c21e445.png
501,2024-12-03,Away,L,1.0,3.0,Leicester City,3.0,1.7,61.0,31,8,0.0,0,West Ham United,https://cdn.ssref.net/req/202502211/tlogo/fb/7c21e445.png
502,2024-12-09,Home,W,2.0,1.0,Wolverhampton Wanderers,1.0,1.4,54.0,19,4,0.0,0,West Ham United,https://cdn.ssref.net/req/202502211/tlogo/fb/7c21e445.png
503,2024-12-16,Away,D,1.0,1.0,Bournemouth,2.1,1.9,48.0,15,2,0.0,1,West Ham United,https://cdn.ssref.net/req/202502211/tlogo/fb/7c21e445.png
504,2024-12-21,Home,D,1.0,1.0,Brighton and Hove Albion,1.2,0.9,47.0,11,4,0.0,0,West Ham United,https://cdn.ssref.net/req/202502211/tlogo/fb/7c21e445.png
505,2024-12-26,Away,W,1.0,0.0,Southampton,1.7,1.4,46.0,16,2,1.0,0,West Ham United,https://cdn.ssref.net/req/202502211/tlogo/fb/7c21e445.png
506,2024-12-29,Home,L,0.0,5.0,Liverpool,0.4,3.1,46.0,7,0,0.0,0,West Ham United,https://cdn.ssref.net/req/202502211/tlogo/fb/7c21e445.png
507,2025-01-04,Away,L,1.0,4.0,Manchester City,1.4,1.9,44.0,17,4,1.0,0,West Ham United,https://cdn.ssref.net/req/202502211/tlogo/fb/7c21e445.png
508,2025-01-14,Home,W,3.0,2.0,Fulham,1.0,1.7,44.0,4,3,0.0,0,West Ham United,https://cdn.ssref.net/req/202502211/tlogo/fb/7c21e445.png
509,2025-01-18,Home,L,0.0,2.0,Crystal Palace,0.3,1.3,53.0,7,0,0.0,0,West Ham United,https://cdn.ssref.net/req/202502211/tlogo/fb/7c21e445.png
510,2025-01-26,Away,D,1.0,1.0,Aston Villa,1.3,0.9,54.0,14,3,0.0,0,West Ham United,https://cdn.ssref.net/req/202502211/tlogo/fb/7c21e445.png
511,2025-02-03,Away,L,1.0,2.0,Chelsea,1.2,1.6,32.0,14,5,1.0,0,West Ham United,https://cdn.ssref.net/req/202502211/tlogo/fb/7c21e445.png
512,2025-02-15,Home,L,0.0,1.0,Brentford,0.8,1.6,58.0,13,3,2.0,0,West Ham United,https://cdn.ssref.net/req/202502211/tlogo/fb/7c21e445.png
513,2025-02-22,Away,W,1.0,0.0,Arsenal,1.1,1.2,32.0,5,2,0.0,0,West Ham United,https://cdn.ssref.net/req/202502211/tlogo/fb/7c21e445.png
514,2025-02-27,Home,W,2.0,0.0,Leicester City,1.3,0.4,58.0,8,2,0.0,0,West Ham United,https://cdn.ssref.net/req/202502211/tlogo/fb/7c21e445.png
515,2024-08-17,Away,L,0.0,2.0,Arsenal,0.5,1.2,47.0,9,3,1.0,0,Wolverhampton Wanderers,https://cdn.ssref.net/req/202502211/tlogo/fb/8cec06e1.png
516,2024-08-25,Home,L,2.0,6.0,Chelsea,1.9,1.6,40.0,12,4,1.0,0,Wolverhampton Wanderers,https://cdn.ssref.net/req/202502211/tlogo/fb/8cec06e1.png
517,2024-08-31,Away,D,1.0,1.0,Nottingham Forest,0.7,1.0,48.0,11,2,0.0,0,Wolverhampton Wanderers,https://cdn.ssref.net/req/202502211/tlogo/fb/8cec06e1.png
518,2024-09-15,Home,L,1.0,2.0,Newcastle United,1.2,1.5,49.0,12,5,0.0,0,Wolverhampton Wanderers,https://cdn.ssref.net/req/202502211/tlogo/fb/8cec06e1.png
519,2024-09-21,Away,L,1.0,3.0,Aston Villa,0.5,1.7,47.0,10,4,0.0,0,Wolverhampton Wanderers,https://cdn.ssref.net/req/202502211/tlogo/fb/8cec06e1.png
520,2024-09-28,Home,L,1.0,2.0,Liverpool,0.6,2.5,45.0,8,3,0.0,0,Wolverhampton Wanderers,https://cdn.ssref.net/req/202502211/tlogo/fb/8cec06e1.png
521,2024-10-05,Away,L,3.0,5.0,Brentford,1.0,4.2,56.0,17,6,0.0,0,Wolverhampton Wanderers,https://cdn.ssref.net/req/202502211/tlogo/fb/8cec06e1.png
522,2024-10-20,Home,L,1.0,2.0,Manchester City,0.8,1.6,23.0,3,2,0.0,0,Wolverhampton Wanderers,https://cdn.ssref.net/req/202502211/tlogo/fb/8cec06e1.png
523,2024-10-26,Away,D,2.0,2.0,Brighton and Hove Albion,1.3,1.3,49.0,14,7,0.0,0,Wolverhampton Wanderers,https://cdn.ssref.net/req/202502211/tlogo/fb/8cec06e1.png
524,2024-11-02,Home,D,2.0,2.0,Crystal Palace,1.5,2.4,57.0,11,6,0.0,0,Wolverhampton Wanderers,https://cdn.ssref.net/req/202502211/tlogo/fb/8cec06e1.png
525,2024-11-09,Home,W,2.0,0.0,Southampton,1.3,0.6,29.0,8,4,0.0,0,Wolverhampton Wanderers,https://cdn.ssref.net/req/202502211/tlogo/fb/8cec06e1.png
526,2024-11-23,Away,W,4.0,1.0,Fulham,1.3,1.0,41.0,10,5,0.0,0,Wolverhampton Wanderers,https://cdn.ssref.net/req/202502211/tlogo/fb/8cec06e1.png
527,2024-11-30,Home,L,2.0,4.0,Bournemouth,0.5,3.3,60.0,10,3,1.0,0,Wolverhampton Wanderers,https://cdn.ssref.net/req/202502211/tlogo/fb/8cec06e1.png
528,2024-12-04,Away,L,0.0,4.0,Everton,0.8,1.0,56.0,6,2,0.0,0,Wolverhampton Wanderers,https://cdn.ssref.net/req/202502211/tlogo/fb/8cec06e1.png
529,2024-12-09,Away,L,1.0,2.0,West Ham United,1.4,1.0,46.0,19,5,0.0,0,Wolverhampton Wanderers,https://cdn.ssref.net/req/202502211/tlogo/fb/8cec06e1.png
530,2024-12-14,Home,L,1.0,2.0,Ipswich Town,1.3,1.1,54.0,16,6,0.0,0,Wolverhampton Wanderers,https://cdn.ssref.net/req/202502211/tlogo/fb/8cec06e1.png
531,2024-12-22,Away,W,3.0,0.0,Leicester City,1.1,0.8,46.0,8,4,1.0,0,Wolverhampton Wanderers,https://cdn.ssref.net/req/202502211/tlogo/fb/8cec06e1.png
532,2024-12-26,Home,W,2.0,0.0,Manchester United,0.9,0.4,51.0,7,4,1.0,0,Wolverhampton Wanderers,https://cdn.ssref.net/req/202502211/tlogo/fb/8cec06e1.png
533,2024-12-29,Away,D,2.0,2.0,Tottenham Hotspur,0.7,2.2,52.0,11,3,1.0,0,Wolverhampton Wanderers,https://cdn.ssref.net/req/202502211/tlogo/fb/8cec06e1.png
534,2025-01-06,Home,L,0.0,3.0,Nottingham Forest,1.5,2.1,60.0,13,5,0.0,0,Wolverhampton Wanderers,https://cdn.ssref.net/req/202502211/tlogo/fb/8cec06e1.png
535,2025-01-15,Away,L,0.0,3.0,Newcastle United,1.6,2.1,40.0,13,7,0.0,0,Wolverhampton Wanderers,https://cdn.ssref.net/req/202502211/tlogo/fb/8cec06e1.png
536,2025-01-20,Away,L,1.0,3.0,Chelsea,0.8,3.1,37.0,9,4,0.0,0,Wolverhampton Wanderers,https://cdn.ssref.net/req/202502211/tlogo/fb/8cec06e1.png
537,2025-01-25,Home,L,0.0,1.0,Arsenal,0.7,1.0,51.0,9,4,0.0,0,Wolverhampton Wanderers,https://cdn.ssref.net/req/202502211/tlogo/fb/8cec06e1.png
538,2025-02-01,Home,W,2.0,0.0,Aston Villa,1.6,0.4,32.0,8,5,1.0,0,Wolverhampton Wanderers,https://cdn.ssref.net/req/202502211/tlogo/fb/8cec06e1.png
539,2025-02-16,Away,L,1.0,2.0,Liverpool,1.5,1.7,50.0,16,4,2.0,0,Wolverhampton Wanderers,https://cdn.ssref.net/req/202502211/tlogo/fb/8cec06e1.png
540,2025-02-22,Away,W,1.0,0.0,Bournemouth,2.0,0.9,54.0,13,5,1.0,0,Wolverhampton Wanderers,https://cdn.ssref.net/req/202502211/tlogo/fb/8cec06e1.png
541,2025-02-25,Home,L,1.0,2.0,Fulham,1.3,1.7,60.0,18,5,3.0,0,Wolverhampton Wanderers,https://cdn.ssref.net/req/202502211/tlogo/fb/8cec06e1.png
